1,United States,Alabama,Auburn,32.6087,-85.4899,2020-10-31 15:23:41,2020-10-31 15:23:41
2,United States,Alabama,Birmingham,33.5277,-86.7987,2020-10-31 15:23:41,2020-10-31 15:23:41
3,United States,Alabama,Decatur,34.573,-86.9906,2020-10-31 15:23:41,2020-10-31 15:23:41
4,United States,Alabama,Dothan,31.2335,-85.4069,2020-10-31 15:23:41,2020-10-31 15:23:41
5,United States,Alabama,Florence,34.8303,-87.6654,2020-10-31 15:23:41,2020-10-31 15:23:41
6,United States,Alabama,Hoover,33.3754,-86.8064,2020-10-31 15:23:41,2020-10-31 15:23:41
7,United States,Alabama,Huntsville,34.6988,-86.6412,2020-10-31 15:23:41,2020-10-31 15:23:41
8,United States,Alabama,Madison,34.7114,-86.7626,2020-10-31 15:23:41,2020-10-31 15:23:41
9,United States,Alabama,Mobile,30.6783,-88.1162,2020-10-31 15:23:41,2020-10-31 15:23:41
10,United States,Alabama,Montgomery,32.3473,-86.2666,2020-10-31 15:23:41,2020-10-31 15:23:41
11,United States,Alabama,Phenix City,32.4588,-85.0251,2020-10-31 15:23:41,2020-10-31 15:23:41
12,United States,Alabama,Tuscaloosa,33.2348,-87.5267,2020-10-31 15:23:41,2020-10-31 15:23:41
13,United States,Alaska,Anchorage,61.1508,-149.1091,2020-10-31 15:23:41,2020-10-31 15:23:41
14,United States,Arizona,Apache Junction,33.3985,-111.5351,2020-10-31 15:23:41,2020-10-31 15:23:41
15,United States,Arizona,Avondale,33.3858,-112.3236,2020-10-31 15:23:41,2020-10-31 15:23:41
16,United States,Arizona,Buckeye,33.4314,-112.6429,2020-10-31 15:23:41,2020-10-31 15:23:41
17,United States,Arizona,Bullhead City,35.1205,-114.546,2020-10-31 15:23:41,2020-10-31 15:23:41
18,United States,Arizona,Casa Grande,32.9068,-111.7624,2020-10-31 15:23:41,2020-10-31 15:23:41
19,United States,Arizona,Chandler,33.2826,-111.8516,2020-10-31 15:23:41,2020-10-31 15:23:41
20,United States,Arizona,Flagstaff,35.1872,-111.6195,2020-10-31 15:23:41,2020-10-31 15:23:41
21,United States,Arizona,Gilbert,33.3101,-111.7463,2020-10-31 15:23:41,2020-10-31 15:23:41
22,United States,Arizona,Glendale,33.5791,-112.2311,2020-10-31 15:23:41,2020-10-31 15:23:41
23,United States,Arizona,Goodyear,33.2613,-112.3622,2020-10-31 15:23:41,2020-10-31 15:23:41
24,United States,Arizona,Lake Havasu City,34.5006,-114.3113,2020-10-31 15:23:41,2020-10-31 15:23:41
25,United States,Arizona,Marana,32.4355,-111.1558,2020-10-31 15:23:41,2020-10-31 15:23:41
26,United States,Arizona,Maricopa,33.0404,-112.0006,2020-10-31 15:23:41,2020-10-31 15:23:41
27,United States,Arizona,Mesa,33.4017,-111.718,2020-10-31 15:23:41,2020-10-31 15:23:41
28,United States,Arizona,Oro Valley,32.4208,-110.9768,2020-10-31 15:23:41,2020-10-31 15:23:41
29,United States,Arizona,Peoria,33.7844,-112.2989,2020-10-31 15:23:41,2020-10-31 15:23:41
30,United States,Arizona,Phoenix,33.5722,-112.0891,2020-10-31 15:23:41,2020-10-31 15:23:41
31,United States,Arizona,Prescott,34.585,-112.4475,2020-10-31 15:23:41,2020-10-31 15:23:41
32,United States,Arizona,Prescott Valley,34.5983,-112.3176,2020-10-31 15:23:41,2020-10-31 15:23:41
33,United States,Arizona,Scottsdale,33.6872,-111.8651,2020-10-31 15:23:41,2020-10-31 15:23:41
34,United States,Arizona,Sierra Vista,31.563,-110.3153,2020-10-31 15:23:41,2020-10-31 15:23:41
35,United States,Arizona,Surprise,33.68,-112.4524,2020-10-31 15:23:41,2020-10-31 15:23:41
36,United States,Arizona,Tempe,33.3881,-111.9318,2020-10-31 15:23:41,2020-10-31 15:23:41
37,United States,Arizona,Tucson,32.1545,-110.8782,2020-10-31 15:23:41,2020-10-31 15:23:41
38,United States,Arizona,Yuma,32.5992,-114.5488,2020-10-31 15:23:41,2020-10-31 15:23:41
39,United States,Arkansas,Bentonville,36.3546,-94.2306,2020-10-31 15:23:41,2020-10-31 15:23:41
40,United States,Arkansas,Conway,35.0754,-92.4694,2020-10-31 15:23:41,2020-10-31 15:23:41
41,United States,Arkansas,Fayetteville,36.0713,-94.166,2020-10-31 15:23:41,2020-10-31 15:23:41
42,United States,Arkansas,Fort Smith,35.3493,-94.3695,2020-10-31 15:23:41,2020-10-31 15:23:41
43,United States,Arkansas,Jonesboro,35.8212,-90.6791,2020-10-31 15:23:41,2020-10-31 15:23:41
44,United States,Arkansas,Little Rock,34.7256,-92.3576,2020-10-31 15:23:41,2020-10-31 15:23:41
45,United States,Arkansas,North Little Rock,34.7808,-92.2371,2020-10-31 15:23:41,2020-10-31 15:23:41
46,United States,Arkansas,Pine Bluff,34.2116,-92.0178,2020-10-31 15:23:41,2020-10-31 15:23:41
47,United States,Arkansas,Rogers,36.3172,-94.1526,2020-10-31 15:23:41,2020-10-31 15:23:41
48,United States,Arkansas,Springdale,36.1899,-94.1574,2020-10-31 15:23:41,2020-10-31 15:23:41
49,United States,California,Alameda,37.767,-122.2672,2020-10-31 15:23:41,2020-10-31 15:23:41
50,United States,California,Alhambra,34.084,-118.1355,2020-10-31 15:23:41,2020-10-31 15:23:41
51,United States,California,Aliso Viejo,33.5792,-117.7289,2020-10-31 15:23:41,2020-10-31 15:23:41
52,United States,California,Anaheim,33.839,-117.8572,2020-10-31 15:23:41,2020-10-31 15:23:41
53,United States,California,Antioch,37.9789,-121.7958,2020-10-31 15:23:41,2020-10-31 15:23:41
54,United States,California,Apple Valley,34.5328,-117.2104,2020-10-31 15:23:41,2020-10-31 15:23:41
55,United States,California,Arcadia,34.1342,-118.0373,2020-10-31 15:23:41,2020-10-31 15:23:41
56,United States,California,Azusa,34.1386,-117.9124,2020-10-31 15:23:41,2020-10-31 15:23:41
57,United States,California,Bakersfield,35.3529,-119.0359,2020-10-31 15:23:41,2020-10-31 15:23:41
58,United States,California,Baldwin Park,34.0829,-117.9721,2020-10-31 15:23:41,2020-10-31 15:23:41
59,United States,California,Beaumont,33.9076,-116.9766,2020-10-31 15:23:41,2020-10-31 15:23:41
60,United States,California,Bell Gardens,33.9663,-118.155,2020-10-31 15:23:41,2020-10-31 15:23:41
61,United States,California,Bellflower,33.888,-118.1271,2020-10-31 15:23:41,2020-10-31 15:23:41
62,United States,California,Berkeley,37.8723,-122.276,2020-10-31 15:23:41,2020-10-31 15:23:41
63,United States,California,Brea,33.9254,-117.8656,2020-10-31 15:23:41,2020-10-31 15:23:41
64,United States,California,Brentwood,37.9355,-121.7191,2020-10-31 15:23:41,2020-10-31 15:23:41
65,United States,California,Buena Park,33.8572,-118.0046,2020-10-31 15:23:41,2020-10-31 15:23:41
66,United States,California,Burbank,34.1879,-118.3235,2020-10-31 15:23:41,2020-10-31 15:23:41
67,United States,California,Calexico,32.6849,-115.4944,2020-10-31 15:23:41,2020-10-31 15:23:41
68,United States,California,Camarillo,34.223,-119.0322,2020-10-31 15:23:41,2020-10-31 15:23:41
69,United States,California,Campbell,37.2802,-121.9538,2020-10-31 15:23:41,2020-10-31 15:23:41
70,United States,California,Carlsbad,33.1247,-117.2837,2020-10-31 15:23:41,2020-10-31 15:23:41
71,United States,California,Carson,33.8374,-118.2559,2020-10-31 15:23:41,2020-10-31 15:23:41
72,United States,California,Cathedral City,33.8363,-116.4642,2020-10-31 15:23:41,2020-10-31 15:23:41
73,United States,California,Ceres,37.5953,-120.9625,2020-10-31 15:23:41,2020-10-31 15:23:41
74,United States,California,Cerritos,33.8677,-118.0686,2020-10-31 15:23:41,2020-10-31 15:23:41
75,United States,California,Chico,39.7575,-121.8152,2020-10-31 15:23:41,2020-10-31 15:23:41
76,United States,California,Chino,33.9836,-117.6654,2020-10-31 15:23:41,2020-10-31 15:23:41
77,United States,California,Chino Hills,33.9508,-117.7253,2020-10-31 15:23:41,2020-10-31 15:23:41
78,United States,California,Chula Vista,32.6281,-117.0145,2020-10-31 15:23:41,2020-10-31 15:23:41
79,United States,California,Citrus Heights,38.6948,-121.288,2020-10-31 15:23:41,2020-10-31 15:23:41
80,United States,California,Clovis,36.8278,-119.6831,2020-10-31 15:23:41,2020-10-31 15:23:41
81,United States,California,Coachella,33.6905,-116.143,2020-10-31 15:23:41,2020-10-31 15:23:41
82,United States,California,Colton,34.0538,-117.3254,2020-10-31 15:23:41,2020-10-31 15:23:41
83,United States,California,Compton,33.893,-118.2275,2020-10-31 15:23:41,2020-10-31 15:23:41
84,United States,California,Concord,37.9722,-122.0016,2020-10-31 15:23:41,2020-10-31 15:23:41
85,United States,California,Corona,33.8616,-117.5649,2020-10-31 15:23:41,2020-10-31 15:23:41
86,United States,California,Costa Mesa,33.6667,-117.9135,2020-10-31 15:23:41,2020-10-31 15:23:41
87,United States,California,Covina,34.0903,-117.8817,2020-10-31 15:23:41,2020-10-31 15:23:41
88,United States,California,Culver City,34.0058,-118.3968,2020-10-31 15:23:41,2020-10-31 15:23:41
89,United States,California,Cupertino,37.3168,-122.0465,2020-10-31 15:23:41,2020-10-31 15:23:41
90,United States,California,Cypress,33.8171,-118.0386,2020-10-31 15:23:41,2020-10-31 15:23:41
91,United States,California,Daly City,37.6862,-122.4685,2020-10-31 15:23:41,2020-10-31 15:23:41
92,United States,California,Danville,37.8121,-121.9698,2020-10-31 15:23:41,2020-10-31 15:23:41
93,United States,California,Davis,38.5552,-121.7365,2020-10-31 15:23:41,2020-10-31 15:23:41
94,United States,California,Delano,35.767,-119.2637,2020-10-31 15:23:41,2020-10-31 15:23:41
95,United States,California,Diamond Bar,33.9991,-117.8161,2020-10-31 15:23:41,2020-10-31 15:23:41
96,United States,California,Downey,33.9379,-118.1312,2020-10-31 15:23:41,2020-10-31 15:23:41
97,United States,California,Dublin,37.7161,-121.8963,2020-10-31 15:23:41,2020-10-31 15:23:41
98,United States,California,Eastvale,33.9617,-117.5802,2020-10-31 15:23:41,2020-10-31 15:23:41
99,United States,California,El Cajon,32.8017,-116.9605,2020-10-31 15:23:41,2020-10-31 15:23:41
100,United States,California,El Centro,32.7867,-115.5586,2020-10-31 15:23:41,2020-10-31 15:23:41
101,United States,California,El Monte,34.0739,-118.0291,2020-10-31 15:23:41,2020-10-31 15:23:41
102,United States,California,Elk Grove,38.416,-121.3842,2020-10-31 15:23:41,2020-10-31 15:23:41
103,United States,California,Encinitas,33.049,-117.2613,2020-10-31 15:23:41,2020-10-31 15:23:41
104,United States,California,Escondido,33.1347,-117.0722,2020-10-31 15:23:41,2020-10-31 15:23:41
105,United States,California,Fairfield,38.2592,-122.0324,2020-10-31 15:23:41,2020-10-31 15:23:41
106,United States,California,Folsom,38.6668,-121.1422,2020-10-31 15:23:41,2020-10-31 15:23:41
107,United States,California,Fontana,34.0968,-117.4599,2020-10-31 15:23:41,2020-10-31 15:23:41
108,United States,California,Fountain Valley,33.7105,-117.9514,2020-10-31 15:23:41,2020-10-31 15:23:41
109,United States,California,Fremont,37.5265,-121.9852,2020-10-31 15:23:41,2020-10-31 15:23:41
110,United States,California,Fresno,36.7831,-119.7941,2020-10-31 15:23:41,2020-10-31 15:23:41
111,United States,California,Fullerton,33.8841,-117.9279,2020-10-31 15:23:41,2020-10-31 15:23:41
112,United States,California,Garden Grove,33.7787,-117.9601,2020-10-31 15:23:41,2020-10-31 15:23:41
113,United States,California,Gardena,33.8944,-118.3073,2020-10-31 15:23:41,2020-10-31 15:23:41
114,United States,California,Gilroy,37.0047,-121.5855,2020-10-31 15:23:41,2020-10-31 15:23:41
115,United States,California,Glendale,34.1818,-118.2468,2020-10-31 15:23:41,2020-10-31 15:23:41
116,United States,California,Glendora,34.1449,-117.8468,2020-10-31 15:23:41,2020-10-31 15:23:41
117,United States,California,Hanford,36.3274,-119.6549,2020-10-31 15:23:41,2020-10-31 15:23:41
118,United States,California,Hawthorne,33.9146,-118.3476,2020-10-31 15:23:41,2020-10-31 15:23:41
119,United States,California,Hayward,37.6328,-122.0772,2020-10-31 15:23:41,2020-10-31 15:23:41
120,United States,California,Hemet,33.7341,-116.9969,2020-10-31 15:23:41,2020-10-31 15:23:41
121,United States,California,Hesperia,34.3975,-117.3147,2020-10-31 15:23:41,2020-10-31 15:23:41
122,United States,California,Highland,34.1113,-117.1654,2020-10-31 15:23:41,2020-10-31 15:23:41
123,United States,California,Huntington Beach,33.696,-118.0025,2020-10-31 15:23:41,2020-10-31 15:23:41
124,United States,California,Huntington Park,33.98,-118.2167,2020-10-31 15:23:41,2020-10-31 15:23:41
125,United States,California,Indio,33.7346,-116.2346,2020-10-31 15:23:41,2020-10-31 15:23:41
126,United States,California,Inglewood,33.9566,-118.3444,2020-10-31 15:23:41,2020-10-31 15:23:41
127,United States,California,Irvine,33.6772,-117.7738,2020-10-31 15:23:41,2020-10-31 15:23:41
128,United States,California,Jurupa Valley,34.001,-117.4705,2020-10-31 15:23:41,2020-10-31 15:23:41
129,United States,California,La Habra,33.9278,-117.9513,2020-10-31 15:23:41,2020-10-31 15:23:41
130,United States,California,La Mesa,32.7703,-117.0204,2020-10-31 15:23:41,2020-10-31 15:23:41
131,United States,California,La Mirada,33.9025,-118.0093,2020-10-31 15:23:41,2020-10-31 15:23:41
132,United States,California,La Puente,34.0323,-117.9533,2020-10-31 15:23:41,2020-10-31 15:23:41
133,United States,California,La Quinta,33.6536,-116.2785,2020-10-31 15:23:41,2020-10-31 15:23:41
134,United States,California,Laguna Niguel,33.5275,-117.705,2020-10-31 15:23:41,2020-10-31 15:23:41
135,United States,California,Lake Elsinore,33.6847,-117.3344,2020-10-31 15:23:41,2020-10-31 15:23:41
136,United States,California,Lake Forest,33.6606,-117.6712,2020-10-31 15:23:41,2020-10-31 15:23:41
137,United States,California,Lakewood,33.8471,-118.1221,2020-10-31 15:23:41,2020-10-31 15:23:41
138,United States,California,Lancaster,34.6935,-118.1753,2020-10-31 15:23:41,2020-10-31 15:23:41
139,United States,California,Lincoln,38.8759,-121.2916,2020-10-31 15:23:41,2020-10-31 15:23:41
140,United States,California,Livermore,37.6862,-121.7608,2020-10-31 15:23:41,2020-10-31 15:23:41
141,United States,California,Lodi,38.1218,-121.2932,2020-10-31 15:23:41,2020-10-31 15:23:41
142,United States,California,Lompoc,34.6618,-120.4714,2020-10-31 15:23:41,2020-10-31 15:23:41
143,United States,California,Long Beach,33.7981,-118.1675,2020-10-31 15:23:41,2020-10-31 15:23:41
144,United States,California,Los Angeles,34.1139,-118.4068,2020-10-31 15:23:41,2020-10-31 15:23:41
145,United States,California,Lynwood,33.924,-118.2017,2020-10-31 15:23:41,2020-10-31 15:23:41
146,United States,California,Madera,36.9631,-120.0782,2020-10-31 15:23:41,2020-10-31 15:23:41
147,United States,California,Manteca,37.7927,-121.2264,2020-10-31 15:23:41,2020-10-31 15:23:41
148,United States,California,Martinez,37.9985,-122.116,2020-10-31 15:23:41,2020-10-31 15:23:41
149,United States,California,Menifee,33.6909,-117.1849,2020-10-31 15:23:41,2020-10-31 15:23:41
150,United States,California,Merced,37.3057,-120.4778,2020-10-31 15:23:41,2020-10-31 15:23:41
151,United States,California,Milpitas,37.4339,-121.8921,2020-10-31 15:23:41,2020-10-31 15:23:41
152,United States,California,Mission Viejo,33.6095,-117.655,2020-10-31 15:23:41,2020-10-31 15:23:41
153,United States,California,Modesto,37.6374,-121.0028,2020-10-31 15:23:41,2020-10-31 15:23:41
154,United States,California,Monrovia,34.165,-117.9921,2020-10-31 15:23:41,2020-10-31 15:23:41
155,United States,California,Montclair,34.0714,-117.698,2020-10-31 15:23:41,2020-10-31 15:23:41
156,United States,California,Montebello,34.0155,-118.1108,2020-10-31 15:23:41,2020-10-31 15:23:41
157,United States,California,Monterey Park,34.0497,-118.1326,2020-10-31 15:23:41,2020-10-31 15:23:41
158,United States,California,Moreno Valley,33.9244,-117.2045,2020-10-31 15:23:41,2020-10-31 15:23:41
159,United States,California,Morgan Hill,37.1326,-121.6417,2020-10-31 15:23:41,2020-10-31 15:23:41
160,United States,California,Mountain View,37.4,-122.0796,2020-10-31 15:23:41,2020-10-31 15:23:41
161,United States,California,Murrieta,33.572,-117.1909,2020-10-31 15:23:41,2020-10-31 15:23:41
162,United States,California,Napa,38.2976,-122.3011,2020-10-31 15:23:41,2020-10-31 15:23:41
163,United States,California,National City,32.6654,-117.0983,2020-10-31 15:23:41,2020-10-31 15:23:41
164,United States,California,Newark,37.5204,-122.0312,2020-10-31 15:23:41,2020-10-31 15:23:41
165,United States,California,Newport Beach,33.6151,-117.8669,2020-10-31 15:23:41,2020-10-31 15:23:41
166,United States,California,Norwalk,33.9069,-118.0829,2020-10-31 15:23:41,2020-10-31 15:23:41
167,United States,California,Novato,38.092,-122.5576,2020-10-31 15:23:41,2020-10-31 15:23:41
168,United States,California,Oakland,37.7903,-122.2165,2020-10-31 15:23:41,2020-10-31 15:23:41
169,United States,California,Oakley,37.9929,-121.6951,2020-10-31 15:23:41,2020-10-31 15:23:41
170,United States,California,Oceanside,33.2247,-117.3083,2020-10-31 15:23:41,2020-10-31 15:23:41
171,United States,California,Ontario,34.0393,-117.6064,2020-10-31 15:23:41,2020-10-31 15:23:41
172,United States,California,Orange,33.8038,-117.8218,2020-10-31 15:23:41,2020-10-31 15:23:41
173,United States,California,Oxnard,34.1963,-119.1815,2020-10-31 15:23:41,2020-10-31 15:23:41
174,United States,California,Pacifica,37.6112,-122.4781,2020-10-31 15:23:41,2020-10-31 15:23:41
175,United States,California,Palm Desert,33.7378,-116.3695,2020-10-31 15:23:41,2020-10-31 15:23:41
176,United States,California,Palm Springs,33.8017,-116.5382,2020-10-31 15:23:41,2020-10-31 15:23:41
177,United States,California,Palmdale,34.5944,-118.1057,2020-10-31 15:23:41,2020-10-31 15:23:41
178,United States,California,Palo Alto,37.3913,-122.1468,2020-10-31 15:23:41,2020-10-31 15:23:41
179,United States,California,Paramount,33.8976,-118.1652,2020-10-31 15:23:41,2020-10-31 15:23:41
180,United States,California,Pasadena,34.1597,-118.139,2020-10-31 15:23:41,2020-10-31 15:23:41
181,United States,California,Perris,33.7899,-117.2233,2020-10-31 15:23:41,2020-10-31 15:23:41
182,United States,California,Petaluma,38.2423,-122.6267,2020-10-31 15:23:41,2020-10-31 15:23:41
183,United States,California,Pico Rivera,33.9902,-118.0888,2020-10-31 15:23:41,2020-10-31 15:23:41
184,United States,California,Pittsburg,38.0182,-121.8964,2020-10-31 15:23:41,2020-10-31 15:23:41
185,United States,California,Placentia,33.8807,-117.8553,2020-10-31 15:23:41,2020-10-31 15:23:41
186,United States,California,Pleasanton,37.6663,-121.8805,2020-10-31 15:23:41,2020-10-31 15:23:41
187,United States,California,Pomona,34.0585,-117.7626,2020-10-31 15:23:41,2020-10-31 15:23:41
188,United States,California,Porterville,36.0644,-119.0338,2020-10-31 15:23:41,2020-10-31 15:23:41
189,United States,California,Poway,32.9871,-117.0201,2020-10-31 15:23:41,2020-10-31 15:23:41
190,United States,California,Rancho Cordova,38.574,-121.2523,2020-10-31 15:23:41,2020-10-31 15:23:41
191,United States,California,Rancho Cucamonga,34.1248,-117.5666,2020-10-31 15:23:41,2020-10-31 15:23:41
192,United States,California,Rancho Palos Verdes,33.7554,-118.3637,2020-10-31 15:23:41,2020-10-31 15:23:41
193,United States,California,Rancho Santa Margarita,33.6318,-117.5989,2020-10-31 15:23:41,2020-10-31 15:23:41
194,United States,California,Redding,40.5698,-122.365,2020-10-31 15:23:41,2020-10-31 15:23:41
195,United States,California,Redlands,34.0511,-117.1712,2020-10-31 15:23:41,2020-10-31 15:23:41
196,United States,California,Redondo Beach,33.8574,-118.3766,2020-10-31 15:23:41,2020-10-31 15:23:41
197,United States,California,Redwood City,37.5026,-122.2252,2020-10-31 15:23:41,2020-10-31 15:23:41
198,United States,California,Rialto,34.1174,-117.3894,2020-10-31 15:23:41,2020-10-31 15:23:41
199,United States,California,Richmond,37.9477,-122.339,2020-10-31 15:23:41,2020-10-31 15:23:41
200,United States,California,Riverside,33.9381,-117.3948,2020-10-31 15:23:41,2020-10-31 15:23:41
201,United States,California,Rocklin,38.8075,-121.2488,2020-10-31 15:23:41,2020-10-31 15:23:41
202,United States,California,Rohnert Park,38.348,-122.6964,2020-10-31 15:23:41,2020-10-31 15:23:41
203,United States,California,Rosemead,34.0689,-118.0823,2020-10-31 15:23:41,2020-10-31 15:23:41
204,United States,California,Roseville,38.7703,-121.3196,2020-10-31 15:23:41,2020-10-31 15:23:41
205,United States,California,Sacramento,38.5667,-121.4683,2020-10-31 15:23:41,2020-10-31 15:23:41
206,United States,California,Salinas,36.6884,-121.6317,2020-10-31 15:23:41,2020-10-31 15:23:41
207,United States,California,San Bernardino,34.1417,-117.2946,2020-10-31 15:23:41,2020-10-31 15:23:41
208,United States,California,San Bruno,37.6254,-122.4313,2020-10-31 15:23:41,2020-10-31 15:23:41
209,United States,California,San Buenaventura (Ventura),34.2741,-119.2314,2020-10-31 15:23:41,2020-10-31 15:23:41
210,United States,California,San Clemente,33.4498,-117.6103,2020-10-31 15:23:41,2020-10-31 15:23:41
211,United States,California,San Diego,32.8312,-117.1225,2020-10-31 15:23:41,2020-10-31 15:23:41
212,United States,California,San Francisco,37.7562,-122.443,2020-10-31 15:23:41,2020-10-31 15:23:41
213,United States,California,San Gabriel,34.0948,-118.099,2020-10-31 15:23:41,2020-10-31 15:23:41
214,United States,California,San Jacinto,33.797,-116.9916,2020-10-31 15:23:41,2020-10-31 15:23:41
215,United States,California,San Jose,37.3019,-121.8486,2020-10-31 15:23:41,2020-10-31 15:23:41
216,United States,California,San Leandro,37.7071,-122.1601,2020-10-31 15:23:41,2020-10-31 15:23:41
217,United States,California,San Luis Obispo,35.2669,-120.6691,2020-10-31 15:23:41,2020-10-31 15:23:41
218,United States,California,San Marcos,33.135,-117.1744,2020-10-31 15:23:41,2020-10-31 15:23:41
219,United States,California,San Mateo,37.5521,-122.3122,2020-10-31 15:23:41,2020-10-31 15:23:41
220,United States,California,San Rafael,37.9905,-122.5222,2020-10-31 15:23:41,2020-10-31 15:23:41
221,United States,California,San Ramon,37.7625,-121.9365,2020-10-31 15:23:41,2020-10-31 15:23:41
222,United States,California,Santa Ana,33.7366,-117.8819,2020-10-31 15:23:41,2020-10-31 15:23:41
223,United States,California,Santa Barbara,34.4285,-119.7202,2020-10-31 15:23:41,2020-10-31 15:23:41
224,United States,California,Santa Clara,37.3645,-121.968,2020-10-31 15:23:41,2020-10-31 15:23:41
225,United States,California,Santa Clarita,34.4175,-118.4964,2020-10-31 15:23:41,2020-10-31 15:23:41
226,United States,California,Santa Cruz,36.9789,-122.0346,2020-10-31 15:23:41,2020-10-31 15:23:41
227,United States,California,Santa Maria,34.9334,-120.4432,2020-10-31 15:23:41,2020-10-31 15:23:41
228,United States,California,Santa Monica,34.0232,-118.4813,2020-10-31 15:23:41,2020-10-31 15:23:41
229,United States,California,Santa Rosa,38.4458,-122.7067,2020-10-31 15:23:41,2020-10-31 15:23:41
230,United States,California,Santee,32.8554,-116.9851,2020-10-31 15:23:41,2020-10-31 15:23:41
231,United States,California,Simi Valley,34.2663,-118.749,2020-10-31 15:23:41,2020-10-31 15:23:41
232,United States,California,South Gate,33.9448,-118.1926,2020-10-31 15:23:41,2020-10-31 15:23:41
233,United States,California,South San Francisco,37.6536,-122.4197,2020-10-31 15:23:41,2020-10-31 15:23:41
234,United States,California,Stanton,33.8002,-117.9935,2020-10-31 15:23:41,2020-10-31 15:23:41
235,United States,California,Stockton,37.9765,-121.3109,2020-10-31 15:23:41,2020-10-31 15:23:41
236,United States,California,Sunnyvale,37.3836,-122.0256,2020-10-31 15:23:41,2020-10-31 15:23:41
237,United States,California,Temecula,33.4928,-117.1315,2020-10-31 15:23:41,2020-10-31 15:23:41
238,United States,California,Thousand Oaks,34.1914,-118.8755,2020-10-31 15:23:41,2020-10-31 15:23:41
239,United States,California,Torrance,33.8346,-118.3417,2020-10-31 15:23:41,2020-10-31 15:23:41
240,United States,California,Tracy,37.7269,-121.4522,2020-10-31 15:23:41,2020-10-31 15:23:41
241,United States,California,Tulare,36.1996,-119.34,2020-10-31 15:23:41,2020-10-31 15:23:41
242,United States,California,Turlock,37.5053,-120.8588,2020-10-31 15:23:41,2020-10-31 15:23:41
243,United States,California,Tustin,33.7309,-117.8106,2020-10-31 15:23:41,2020-10-31 15:23:41
244,United States,California,Union City,37.603,-122.0187,2020-10-31 15:23:41,2020-10-31 15:23:41
245,United States,California,Upland,34.1178,-117.6603,2020-10-31 15:23:41,2020-10-31 15:23:41
246,United States,California,Vacaville,38.359,-121.968,2020-10-31 15:23:41,2020-10-31 15:23:41
247,United States,California,Vallejo,38.1133,-122.2358,2020-10-31 15:23:41,2020-10-31 15:23:41
248,United States,California,Victorville,34.5277,-117.3536,2020-10-31 15:23:41,2020-10-31 15:23:41
249,United States,California,Visalia,36.3276,-119.3269,2020-10-31 15:23:41,2020-10-31 15:23:41
250,United States,California,Vista,33.1896,-117.2386,2020-10-31 15:23:41,2020-10-31 15:23:41
251,United States,California,Walnut Creek,37.9024,-122.0398,2020-10-31 15:23:41,2020-10-31 15:23:41
252,United States,California,Watsonville,36.9206,-121.7706,2020-10-31 15:23:41,2020-10-31 15:23:41
253,United States,California,West Covina,34.0555,-117.9112,2020-10-31 15:23:41,2020-10-31 15:23:41
254,United States,California,West Sacramento,38.5557,-121.5504,2020-10-31 15:23:41,2020-10-31 15:23:41
255,United States,California,Westminster,33.7523,-117.9938,2020-10-31 15:23:41,2020-10-31 15:23:41
256,United States,California,Whittier,33.9678,-118.0188,2020-10-31 15:23:41,2020-10-31 15:23:41
257,United States,California,Woodland,38.6712,-121.75,2020-10-31 15:23:41,2020-10-31 15:23:41
258,United States,California,Yorba Linda,33.889,-117.7714,2020-10-31 15:23:41,2020-10-31 15:23:41
259,United States,California,Yuba City,39.1357,-121.6381,2020-10-31 15:23:41,2020-10-31 15:23:41
260,United States,California,Yucaipa,34.0336,-117.0429,2020-10-31 15:23:41,2020-10-31 15:23:41
261,United States,Colorado,Arvada,39.8321,-105.1511,2020-10-31 15:23:41,2020-10-31 15:23:41
262,United States,Colorado,Aurora,39.7087,-104.7273,2020-10-31 15:23:41,2020-10-31 15:23:41
263,United States,Colorado,Boulder,40.0249,-105.2523,2020-10-31 15:23:41,2020-10-31 15:23:41
264,United States,Colorado,Broomfield,39.9541,-105.0527,2020-10-31 15:23:41,2020-10-31 15:23:41
265,United States,Colorado,Castle Rock,39.3763,-104.8535,2020-10-31 15:23:41,2020-10-31 15:23:41
266,United States,Colorado,Centennial,39.5926,-104.8674,2020-10-31 15:23:41,2020-10-31 15:23:41
267,United States,Colorado,Colorado Springs,38.8674,-104.7606,2020-10-31 15:23:41,2020-10-31 15:23:41
268,United States,Colorado,Commerce City,39.8642,-104.8434,2020-10-31 15:23:41,2020-10-31 15:23:41
269,United States,Colorado,Denver,39.7621,-104.8759,2020-10-31 15:23:41,2020-10-31 15:23:41
270,United States,Colorado,Fort Collins,40.5478,-105.0656,2020-10-31 15:23:41,2020-10-31 15:23:41
271,United States,Colorado,Grand Junction,39.0876,-108.5673,2020-10-31 15:23:41,2020-10-31 15:23:41
272,United States,Colorado,Greeley,40.4151,-104.7706,2020-10-31 15:23:41,2020-10-31 15:23:41
273,United States,Colorado,Lakewood,39.6977,-105.1168,2020-10-31 15:23:41,2020-10-31 15:23:41
274,United States,Colorado,Littleton,39.5915,-105.0188,2020-10-31 15:23:41,2020-10-31 15:23:41
275,United States,Colorado,Longmont,40.1686,-105.1005,2020-10-31 15:23:41,2020-10-31 15:23:41
276,United States,Colorado,Loveland,40.4166,-105.0623,2020-10-31 15:23:41,2020-10-31 15:23:41
277,United States,Colorado,Northglenn,39.9108,-104.9783,2020-10-31 15:23:41,2020-10-31 15:23:41
278,United States,Colorado,Parker,39.5084,-104.7753,2020-10-31 15:23:41,2020-10-31 15:23:41
279,United States,Colorado,Pueblo,38.2705,-104.6112,2020-10-31 15:23:41,2020-10-31 15:23:41
280,United States,Colorado,Thornton,39.9197,-104.9438,2020-10-31 15:23:41,2020-10-31 15:23:41
281,United States,Colorado,Westminster,39.8837,-105.0624,2020-10-31 15:23:41,2020-10-31 15:23:41
282,United States,Connecticut,Bridgeport,41.1918,-73.1953,2020-10-31 15:23:41,2020-10-31 15:23:41
283,United States,Connecticut,Bristol,41.6812,-72.9407,2020-10-31 15:23:41,2020-10-31 15:23:41
284,United States,Connecticut,Danbury,41.4016,-73.471,2020-10-31 15:23:41,2020-10-31 15:23:41
285,United States,Connecticut,Hartford,41.7661,-72.6834,2020-10-31 15:23:41,2020-10-31 15:23:41
286,United States,Connecticut,Meriden,41.5367,-72.7944,2020-10-31 15:23:41,2020-10-31 15:23:41
287,United States,Connecticut,Middletown,41.5476,-72.6549,2020-10-31 15:23:41,2020-10-31 15:23:41
288,United States,Connecticut,Milford,41.2307,-73.064,2020-10-31 15:23:41,2020-10-31 15:23:41
289,United States,Connecticut,New Britain,41.6758,-72.7862,2020-10-31 15:23:41,2020-10-31 15:23:41
290,United States,Connecticut,New Haven,41.3112,-72.9246,2020-10-31 15:23:41,2020-10-31 15:23:41
291,United States,Connecticut,Norwalk,41.1144,-73.4215,2020-10-31 15:23:41,2020-10-31 15:23:41
292,United States,Connecticut,Norwich,41.5495,-72.0882,2020-10-31 15:23:41,2020-10-31 15:23:41
293,United States,Connecticut,Shelton,41.306,-73.1383,2020-10-31 15:23:41,2020-10-31 15:23:41
294,United States,Connecticut,Stamford,41.1035,-73.5583,2020-10-31 15:23:41,2020-10-31 15:23:41
295,United States,Connecticut,Waterbury,41.5583,-73.0361,2020-10-31 15:23:41,2020-10-31 15:23:41
296,United States,Connecticut,West Haven,41.2739,-72.9672,2020-10-31 15:23:41,2020-10-31 15:23:41
297,United States,Delaware,Dover,39.161,-75.5203,2020-10-31 15:23:41,2020-10-31 15:23:41
298,United States,Delaware,Wilmington,39.7415,-75.5413,2020-10-31 15:23:41,2020-10-31 15:23:41
299,United States,District of Columbia,Washington,38.9047,-77.0163,2020-10-31 15:23:41,2020-10-31 15:23:41
300,United States,Florida,Altamonte Springs,28.6615,-81.3953,2020-10-31 15:23:41,2020-10-31 15:23:41
301,United States,Florida,Apopka,28.7014,-81.5304,2020-10-31 15:23:41,2020-10-31 15:23:41
302,United States,Florida,Aventura,25.9565,-80.1372,2020-10-31 15:23:41,2020-10-31 15:23:41
303,United States,Florida,Boca Raton,26.3752,-80.108,2020-10-31 15:23:41,2020-10-31 15:23:41
304,United States,Florida,Bonita Springs,26.3559,-81.7861,2020-10-31 15:23:41,2020-10-31 15:23:41
305,United States,Florida,Boynton Beach,26.5281,-80.0811,2020-10-31 15:23:41,2020-10-31 15:23:41
306,United States,Florida,Bradenton,27.49,-82.5739,2020-10-31 15:23:41,2020-10-31 15:23:41
307,United States,Florida,Cape Coral,26.6446,-81.9956,2020-10-31 15:23:41,2020-10-31 15:23:41
308,United States,Florida,Clearwater,27.9789,-82.7622,2020-10-31 15:23:41,2020-10-31 15:23:41
309,United States,Florida,Coconut Creek,26.2803,-80.1842,2020-10-31 15:23:41,2020-10-31 15:23:41
310,United States,Florida,Coral Gables,25.7037,-80.2715,2020-10-31 15:23:41,2020-10-31 15:23:41
311,United States,Florida,Coral Springs,26.2702,-80.2591,2020-10-31 15:23:41,2020-10-31 15:23:41
312,United States,Florida,Cutler Bay,25.5765,-80.3356,2020-10-31 15:23:41,2020-10-31 15:23:41
313,United States,Florida,Davie,26.0789,-80.287,2020-10-31 15:23:41,2020-10-31 15:23:41
314,United States,Florida,Daytona Beach,29.1994,-81.0982,2020-10-31 15:23:41,2020-10-31 15:23:41
315,United States,Florida,Deerfield Beach,26.305,-80.1277,2020-10-31 15:23:41,2020-10-31 15:23:41
316,United States,Florida,Delray Beach,26.455,-80.0905,2020-10-31 15:23:41,2020-10-31 15:23:41
317,United States,Florida,Deltona,28.905,-81.2137,2020-10-31 15:23:41,2020-10-31 15:23:41
318,United States,Florida,Doral,25.8151,-80.3565,2020-10-31 15:23:41,2020-10-31 15:23:41
319,United States,Florida,Fort Lauderdale,26.1412,-80.1464,2020-10-31 15:23:41,2020-10-31 15:23:41
320,United States,Florida,Fort Myers,26.6195,-81.8303,2020-10-31 15:23:41,2020-10-31 15:23:41
321,United States,Florida,Fort Pierce,27.4256,-80.3431,2020-10-31 15:23:41,2020-10-31 15:23:41
322,United States,Florida,Gainesville,29.6804,-82.3458,2020-10-31 15:23:41,2020-10-31 15:23:41
323,United States,Florida,Greenacres,26.6272,-80.1371,2020-10-31 15:23:41,2020-10-31 15:23:41
324,United States,Florida,Hallandale Beach,25.9854,-80.1423,2020-10-31 15:23:41,2020-10-31 15:23:41
325,United States,Florida,Hialeah,25.8696,-80.3046,2020-10-31 15:23:41,2020-10-31 15:23:41
326,United States,Florida,Hollywood,26.0294,-80.1679,2020-10-31 15:23:41,2020-10-31 15:23:41
327,United States,Florida,Homestead,25.4665,-80.4472,2020-10-31 15:23:41,2020-10-31 15:23:41
328,United States,Florida,Jacksonville,30.3322,-81.6749,2020-10-31 15:23:41,2020-10-31 15:23:41
329,United States,Florida,Jupiter,26.9199,-80.1128,2020-10-31 15:23:41,2020-10-31 15:23:41
330,United States,Florida,Kissimmee,28.3042,-81.4164,2020-10-31 15:23:41,2020-10-31 15:23:41
331,United States,Florida,Lakeland,28.0556,-81.9545,2020-10-31 15:23:41,2020-10-31 15:23:41
332,United States,Florida,Largo,27.9088,-82.7711,2020-10-31 15:23:41,2020-10-31 15:23:41
333,United States,Florida,Lauderhill,26.1605,-80.2242,2020-10-31 15:23:41,2020-10-31 15:23:41
334,United States,Florida,Margate,26.2466,-80.2119,2020-10-31 15:23:41,2020-10-31 15:23:41
335,United States,Florida,Melbourne,28.1085,-80.6627,2020-10-31 15:23:41,2020-10-31 15:23:41
336,United States,Florida,Miami,25.7839,-80.2102,2020-10-31 15:23:41,2020-10-31 15:23:41
337,United States,Florida,Miami Beach,25.8171,-80.1396,2020-10-31 15:23:41,2020-10-31 15:23:41
338,United States,Florida,Miami Gardens,25.9433,-80.2426,2020-10-31 15:23:41,2020-10-31 15:23:41
339,United States,Florida,Miramar,25.9773,-80.3351,2020-10-31 15:23:41,2020-10-31 15:23:41
340,United States,Florida,North Lauderdale,26.2113,-80.2209,2020-10-31 15:23:41,2020-10-31 15:23:41
341,United States,Florida,North Miami,25.9007,-80.1686,2020-10-31 15:23:41,2020-10-31 15:23:41
342,United States,Florida,North Miami Beach,25.9302,-80.166,2020-10-31 15:23:41,2020-10-31 15:23:41
343,United States,Florida,North Port,27.0577,-82.1975,2020-10-31 15:23:41,2020-10-31 15:23:41
344,United States,Florida,Oakland Park,26.178,-80.1528,2020-10-31 15:23:41,2020-10-31 15:23:41
345,United States,Florida,Ocala,29.178,-82.1511,2020-10-31 15:23:41,2020-10-31 15:23:41
346,United States,Florida,Ocoee,28.5787,-81.5338,2020-10-31 15:23:41,2020-10-31 15:23:41
347,United States,Florida,Orlando,28.4772,-81.3369,2020-10-31 15:23:41,2020-10-31 15:23:41
348,United States,Florida,Ormond Beach,29.296,-81.1003,2020-10-31 15:23:41,2020-10-31 15:23:41
349,United States,Florida,Palm Bay,27.955,-80.6627,2020-10-31 15:23:41,2020-10-31 15:23:41
350,United States,Florida,Palm Beach Gardens,26.8466,-80.1679,2020-10-31 15:23:41,2020-10-31 15:23:41
351,United States,Florida,Palm Coast,29.5392,-81.246,2020-10-31 15:23:41,2020-10-31 15:23:41
352,United States,Florida,Panama City,30.1995,-85.6004,2020-10-31 15:23:41,2020-10-31 15:23:41
353,United States,Florida,Pembroke Pines,26.0128,-80.3382,2020-10-31 15:23:41,2020-10-31 15:23:41
354,United States,Florida,Pensacola,30.4427,-87.1886,2020-10-31 15:23:41,2020-10-31 15:23:41
355,United States,Florida,Pinellas Park,27.8589,-82.7078,2020-10-31 15:23:41,2020-10-31 15:23:41
356,United States,Florida,Plantation,26.126,-80.2617,2020-10-31 15:23:41,2020-10-31 15:23:41
357,United States,Florida,Pompano Beach,26.2428,-80.1312,2020-10-31 15:23:41,2020-10-31 15:23:41
358,United States,Florida,Port Orange,29.1084,-81.0137,2020-10-31 15:23:41,2020-10-31 15:23:41
359,United States,Florida,Port St. Lucie,27.2796,-80.3883,2020-10-31 15:23:41,2020-10-31 15:23:41
360,United States,Florida,Sanford,28.7893,-81.276,2020-10-31 15:23:41,2020-10-31 15:23:41
361,United States,Florida,Sarasota,27.3386,-82.5431,2020-10-31 15:23:41,2020-10-31 15:23:41
362,United States,Florida,St. Cloud,28.2294,-81.2829,2020-10-31 15:23:41,2020-10-31 15:23:41
363,United States,Florida,St. Petersburg,27.7931,-82.6652,2020-10-31 15:23:41,2020-10-31 15:23:41
364,United States,Florida,Sunrise,26.1547,-80.2997,2020-10-31 15:23:41,2020-10-31 15:23:41
365,United States,Florida,Tallahassee,30.4551,-84.2526,2020-10-31 15:23:41,2020-10-31 15:23:41
366,United States,Florida,Tamarac,26.2056,-80.2542,2020-10-31 15:23:41,2020-10-31 15:23:41
367,United States,Florida,Tampa,27.9942,-82.4451,2020-10-31 15:23:41,2020-10-31 15:23:41
368,United States,Florida,Titusville,28.5727,-80.8193,2020-10-31 15:23:41,2020-10-31 15:23:41
369,United States,Florida,Wellington,26.6461,-80.2699,2020-10-31 15:23:41,2020-10-31 15:23:41
370,United States,Florida,West Palm Beach,26.7468,-80.1316,2020-10-31 15:23:41,2020-10-31 15:23:41
371,United States,Florida,Weston,26.1006,-80.4054,2020-10-31 15:23:41,2020-10-31 15:23:41
372,United States,Florida,Winter Garden,28.5421,-81.5966,2020-10-31 15:23:41,2020-10-31 15:23:41
373,United States,Georgia,Albany,31.5776,-84.1762,2020-10-31 15:23:41,2020-10-31 15:23:41
374,United States,Georgia,Alpharetta,34.0704,-84.2739,2020-10-31 15:23:41,2020-10-31 15:23:41
375,United States,Georgia,Athens-Clarke County,33.9508,-83.3689,2020-10-31 15:23:41,2020-10-31 15:23:41
376,United States,Georgia,Atlanta,33.7627,-84.4224,2020-10-31 15:23:41,2020-10-31 15:23:41
377,United States,Georgia,Augusta-Richmond County,33.3645,-82.0708,2020-10-31 15:23:41,2020-10-31 15:23:41
378,United States,Georgia,Brookhaven,33.8744,-84.3314,2020-10-31 15:23:41,2020-10-31 15:23:41
379,United States,Georgia,Columbus,32.51,-84.8771,2020-10-31 15:23:41,2020-10-31 15:23:41
380,United States,Georgia,Dunwoody,33.9418,-84.3122,2020-10-31 15:23:41,2020-10-31 15:23:41
381,United States,Georgia,Johns Creek,34.0333,-84.2027,2020-10-31 15:23:41,2020-10-31 15:23:41
382,United States,Georgia,Macon,32.8065,-83.6974,2020-10-31 15:23:41,2020-10-31 15:23:41
383,United States,Georgia,Marietta,33.9533,-84.5422,2020-10-31 15:23:41,2020-10-31 15:23:41
384,United States,Georgia,Peachtree Corners,33.967,-84.2319,2020-10-31 15:23:41,2020-10-31 15:23:41
385,United States,Georgia,Roswell,34.0391,-84.3513,2020-10-31 15:23:41,2020-10-31 15:23:41
386,United States,Georgia,Sandy Springs,33.9366,-84.3703,2020-10-31 15:23:41,2020-10-31 15:23:41
387,United States,Georgia,Savannah,32.0281,-81.1784,2020-10-31 15:23:41,2020-10-31 15:23:41
388,United States,Georgia,Smyrna,33.8633,-84.5168,2020-10-31 15:23:41,2020-10-31 15:23:41
389,United States,Georgia,Valdosta,30.8502,-83.2788,2020-10-31 15:23:41,2020-10-31 15:23:41
390,United States,Georgia,Warner Robins,32.597,-83.6529,2020-10-31 15:23:41,2020-10-31 15:23:41
391,United States,Hawaii,Honolulu,21.3294,-157.846,2020-10-31 15:23:41,2020-10-31 15:23:41
392,United States,Idaho,Boise City,43.6007,-116.2312,2020-10-31 15:23:41,2020-10-31 15:23:41
393,United States,Idaho,Caldwell,43.6453,-116.6591,2020-10-31 15:23:41,2020-10-31 15:23:41
394,United States,Idaho,Coeur d'Alene,47.7041,-116.7935,2020-10-31 15:23:41,2020-10-31 15:23:41
395,United States,Idaho,Idaho Falls,43.4872,-112.0362,2020-10-31 15:23:41,2020-10-31 15:23:41
396,United States,Idaho,Meridian,43.6112,-116.3968,2020-10-31 15:23:41,2020-10-31 15:23:41
397,United States,Idaho,Nampa,43.5845,-116.5631,2020-10-31 15:23:41,2020-10-31 15:23:41
398,United States,Idaho,Pocatello,42.8724,-112.4646,2020-10-31 15:23:41,2020-10-31 15:23:41
399,United States,Idaho,Twin Falls,42.5645,-114.4615,2020-10-31 15:23:41,2020-10-31 15:23:41
400,United States,Illinois,Addison,41.9314,-88.0085,2020-10-31 15:23:41,2020-10-31 15:23:41
401,United States,Illinois,Arlington Heights,42.0955,-87.9825,2020-10-31 15:23:41,2020-10-31 15:23:41
402,United States,Illinois,Aurora,41.7637,-88.2901,2020-10-31 15:23:41,2020-10-31 15:23:41
403,United States,Illinois,Bartlett,41.9803,-88.2069,2020-10-31 15:23:41,2020-10-31 15:23:41
404,United States,Illinois,Belleville,38.5165,-89.99,2020-10-31 15:23:41,2020-10-31 15:23:41
405,United States,Illinois,Berwyn,41.8433,-87.7909,2020-10-31 15:23:41,2020-10-31 15:23:41
406,United States,Illinois,Bloomington,40.4757,-88.9703,2020-10-31 15:23:41,2020-10-31 15:23:41
407,United States,Illinois,Bolingbrook,41.6903,-88.1019,2020-10-31 15:23:41,2020-10-31 15:23:41
408,United States,Illinois,Buffalo Grove,42.1673,-87.9616,2020-10-31 15:23:41,2020-10-31 15:23:41
409,United States,Illinois,Calumet City,41.6134,-87.5505,2020-10-31 15:23:41,2020-10-31 15:23:41
410,United States,Illinois,Carol Stream,41.9182,-88.1308,2020-10-31 15:23:41,2020-10-31 15:23:41
411,United States,Illinois,Carpentersville,42.1227,-88.2895,2020-10-31 15:23:41,2020-10-31 15:23:41
412,United States,Illinois,Champaign,40.1144,-88.2735,2020-10-31 15:23:41,2020-10-31 15:23:41
413,United States,Illinois,Chicago,41.8373,-87.6862,2020-10-31 15:23:41,2020-10-31 15:23:41
414,United States,Illinois,Cicero,41.8445,-87.7593,2020-10-31 15:23:41,2020-10-31 15:23:41
415,United States,Illinois,Crystal Lake,42.2333,-88.3351,2020-10-31 15:23:41,2020-10-31 15:23:41
416,United States,Illinois,Decatur,39.8556,-88.9337,2020-10-31 15:23:41,2020-10-31 15:23:41
417,United States,Illinois,DeKalb,41.9313,-88.7482,2020-10-31 15:23:41,2020-10-31 15:23:41
418,United States,Illinois,Des Plaines,42.0345,-87.9009,2020-10-31 15:23:41,2020-10-31 15:23:41
419,United States,Illinois,Downers Grove,41.7949,-88.017,2020-10-31 15:23:41,2020-10-31 15:23:41
420,United States,Illinois,Elgin,42.0385,-88.3229,2020-10-31 15:23:41,2020-10-31 15:23:41
421,United States,Illinois,Elmhurst,41.8973,-87.9432,2020-10-31 15:23:41,2020-10-31 15:23:41
422,United States,Illinois,Evanston,42.0463,-87.6942,2020-10-31 15:23:41,2020-10-31 15:23:41
423,United States,Illinois,Glenview,42.0825,-87.8216,2020-10-31 15:23:41,2020-10-31 15:23:41
424,United States,Illinois,Hanover Park,41.9819,-88.1447,2020-10-31 15:23:41,2020-10-31 15:23:41
425,United States,Illinois,Hoffman Estates,42.0639,-88.1468,2020-10-31 15:23:41,2020-10-31 15:23:41
426,United States,Illinois,Joliet,41.5189,-88.1499,2020-10-31 15:23:41,2020-10-31 15:23:41
427,United States,Illinois,Lombard,41.8742,-88.0157,2020-10-31 15:23:41,2020-10-31 15:23:41
428,United States,Illinois,Moline,41.4821,-90.4921,2020-10-31 15:23:41,2020-10-31 15:23:41
429,United States,Illinois,Mount Prospect,42.0641,-87.9375,2020-10-31 15:23:41,2020-10-31 15:23:41
430,United States,Illinois,Naperville,41.7483,-88.1657,2020-10-31 15:23:41,2020-10-31 15:23:41
431,United States,Illinois,Normal,40.5218,-88.9881,2020-10-31 15:23:41,2020-10-31 15:23:41
432,United States,Illinois,Oak Lawn,41.7139,-87.7528,2020-10-31 15:23:41,2020-10-31 15:23:41
433,United States,Illinois,Oak Park,41.8872,-87.7899,2020-10-31 15:23:41,2020-10-31 15:23:41
434,United States,Illinois,Orland Park,41.6074,-87.8619,2020-10-31 15:23:41,2020-10-31 15:23:41
435,United States,Illinois,Palatine,42.1181,-88.043,2020-10-31 15:23:41,2020-10-31 15:23:41
436,United States,Illinois,Park Ridge,42.0125,-87.8436,2020-10-31 15:23:41,2020-10-31 15:23:41
437,United States,Illinois,Peoria,40.752,-89.6153,2020-10-31 15:23:41,2020-10-31 15:23:41
438,United States,Illinois,Plainfield,41.6206,-88.2252,2020-10-31 15:23:41,2020-10-31 15:23:41
439,United States,Illinois,Quincy,39.9335,-91.3799,2020-10-31 15:23:41,2020-10-31 15:23:41
440,United States,Illinois,Rock Island,41.4699,-90.5827,2020-10-31 15:23:41,2020-10-31 15:23:41
441,United States,Illinois,Rockford,42.2597,-89.0641,2020-10-31 15:23:41,2020-10-31 15:23:41
442,United States,Illinois,Romeoville,41.6318,-88.0996,2020-10-31 15:23:41,2020-10-31 15:23:41
443,United States,Illinois,Schaumburg,42.0307,-88.0838,2020-10-31 15:23:41,2020-10-31 15:23:41
444,United States,Illinois,Skokie,42.0359,-87.74,2020-10-31 15:23:41,2020-10-31 15:23:41
445,United States,Illinois,Springfield,39.771,-89.6538,2020-10-31 15:23:41,2020-10-31 15:23:41
446,United States,Illinois,Streamwood,42.0209,-88.1778,2020-10-31 15:23:41,2020-10-31 15:23:41
447,United States,Illinois,Tinley Park,41.567,-87.805,2020-10-31 15:23:41,2020-10-31 15:23:41
448,United States,Illinois,Urbana,40.1106,-88.1972,2020-10-31 15:23:41,2020-10-31 15:23:41
449,United States,Illinois,Waukegan,42.3697,-87.8716,2020-10-31 15:23:41,2020-10-31 15:23:41
450,United States,Illinois,Wheaton,41.8561,-88.1083,2020-10-31 15:23:41,2020-10-31 15:23:41
451,United States,Illinois,Wheeling,42.1308,-87.924,2020-10-31 15:23:41,2020-10-31 15:23:41
452,United States,Indiana,Anderson,40.0891,-85.6893,2020-10-31 15:23:41,2020-10-31 15:23:41
453,United States,Indiana,Bloomington,39.1637,-86.5257,2020-10-31 15:23:41,2020-10-31 15:23:41
454,United States,Indiana,Carmel,39.965,-86.146,2020-10-31 15:23:41,2020-10-31 15:23:41
455,United States,Indiana,Columbus,39.2093,-85.9183,2020-10-31 15:23:41,2020-10-31 15:23:41
456,United States,Indiana,Elkhart,41.6916,-85.9628,2020-10-31 15:23:41,2020-10-31 15:23:41
457,United States,Indiana,Evansville,37.9881,-87.5341,2020-10-31 15:23:41,2020-10-31 15:23:41
458,United States,Indiana,Fishers,39.9589,-85.9661,2020-10-31 15:23:41,2020-10-31 15:23:41
459,United States,Indiana,Fort Wayne,41.0886,-85.1437,2020-10-31 15:23:41,2020-10-31 15:23:41
460,United States,Indiana,Gary,41.5906,-87.3472,2020-10-31 15:23:41,2020-10-31 15:23:41
461,United States,Indiana,Greenwood,39.6019,-86.1073,2020-10-31 15:23:41,2020-10-31 15:23:41
462,United States,Indiana,Hammond,41.6169,-87.491,2020-10-31 15:23:41,2020-10-31 15:23:41
463,United States,Indiana,Indianapolis,39.7771,-86.1458,2020-10-31 15:23:41,2020-10-31 15:23:41
464,United States,Indiana,Jeffersonville,38.3376,-85.7026,2020-10-31 15:23:41,2020-10-31 15:23:41
465,United States,Indiana,Kokomo,40.464,-86.1277,2020-10-31 15:23:41,2020-10-31 15:23:41
466,United States,Indiana,Lafayette,40.399,-86.8594,2020-10-31 15:23:41,2020-10-31 15:23:41
467,United States,Indiana,Lawrence,39.8674,-85.9905,2020-10-31 15:23:41,2020-10-31 15:23:41
468,United States,Indiana,Mishawaka,41.6736,-86.1669,2020-10-31 15:23:41,2020-10-31 15:23:41
469,United States,Indiana,Muncie,40.1989,-85.395,2020-10-31 15:23:41,2020-10-31 15:23:41
470,United States,Indiana,Noblesville,40.0354,-86.0042,2020-10-31 15:23:41,2020-10-31 15:23:41
471,United States,Indiana,South Bend,41.6767,-86.2696,2020-10-31 15:23:41,2020-10-31 15:23:41
472,United States,Indiana,Terre Haute,39.4654,-87.3763,2020-10-31 15:23:41,2020-10-31 15:23:41
473,United States,Iowa,Ames,42.0259,-93.6215,2020-10-31 15:23:41,2020-10-31 15:23:41
474,United States,Iowa,Ankeny,41.7285,-93.6033,2020-10-31 15:23:41,2020-10-31 15:23:41
475,United States,Iowa,Cedar Falls,42.5195,-92.4534,2020-10-31 15:23:41,2020-10-31 15:23:41
476,United States,Iowa,Cedar Rapids,41.9665,-91.6782,2020-10-31 15:23:41,2020-10-31 15:23:41
477,United States,Iowa,Council Bluffs,41.2369,-95.8517,2020-10-31 15:23:41,2020-10-31 15:23:41
478,United States,Iowa,Davenport,41.5563,-90.6052,2020-10-31 15:23:41,2020-10-31 15:23:41
479,United States,Iowa,Des Moines,41.5725,-93.6105,2020-10-31 15:23:41,2020-10-31 15:23:41
480,United States,Iowa,Dubuque,42.5008,-90.7067,2020-10-31 15:23:41,2020-10-31 15:23:41
481,United States,Iowa,Iowa City,41.6559,-91.5303,2020-10-31 15:23:41,2020-10-31 15:23:41
482,United States,Iowa,Sioux City,42.4959,-96.3901,2020-10-31 15:23:41,2020-10-31 15:23:41
483,United States,Iowa,Urbandale,41.639,-93.7813,2020-10-31 15:23:41,2020-10-31 15:23:41
484,United States,Iowa,Waterloo,42.492,-92.3522,2020-10-31 15:23:41,2020-10-31 15:23:41
485,United States,Iowa,West Des Moines,41.5522,-93.7805,2020-10-31 15:23:41,2020-10-31 15:23:41
486,United States,Kansas,Hutchinson,38.0671,-97.9081,2020-10-31 15:23:41,2020-10-31 15:23:41
487,United States,Kansas,Kansas City,39.1234,-94.7443,2020-10-31 15:23:41,2020-10-31 15:23:41
488,United States,Kansas,Lawrence,38.9597,-95.2641,2020-10-31 15:23:41,2020-10-31 15:23:41
489,United States,Kansas,Lenexa,38.9609,-94.8018,2020-10-31 15:23:41,2020-10-31 15:23:41
490,United States,Kansas,Manhattan,39.1886,-96.6046,2020-10-31 15:23:41,2020-10-31 15:23:41
491,United States,Kansas,Olathe,38.8832,-94.8198,2020-10-31 15:23:41,2020-10-31 15:23:41
492,United States,Kansas,Overland Park,38.887,-94.687,2020-10-31 15:23:41,2020-10-31 15:23:41
493,United States,Kansas,Salina,38.8137,-97.6143,2020-10-31 15:23:41,2020-10-31 15:23:41
494,United States,Kansas,Shawnee,39.0158,-94.8076,2020-10-31 15:23:41,2020-10-31 15:23:41
495,United States,Kansas,Topeka,39.0346,-95.6955,2020-10-31 15:23:41,2020-10-31 15:23:41
496,United States,Kansas,Wichita,37.6896,-97.3442,2020-10-31 15:23:41,2020-10-31 15:23:41
497,United States,Kentucky,Bowling Green,36.9719,-86.4373,2020-10-31 15:23:41,2020-10-31 15:23:41
498,United States,Kentucky,Covington,39.0334,-84.5166,2020-10-31 15:23:41,2020-10-31 15:23:41
499,United States,Kentucky,Lexington-Fayette,38.0423,-84.4587,2020-10-31 15:23:41,2020-10-31 15:23:41
500,United States,Kentucky,Louisville/Jefferson County,38.1663,-85.6485,2020-10-31 15:23:41,2020-10-31 15:23:41
501,United States,Kentucky,Owensboro,37.7574,-87.1173,2020-10-31 15:23:41,2020-10-31 15:23:41
502,United States,Louisiana,Alexandria,31.2923,-92.4702,2020-10-31 15:23:41,2020-10-31 15:23:41
503,United States,Louisiana,Baton Rouge,30.4418,-91.131,2020-10-31 15:23:41,2020-10-31 15:23:41
504,United States,Louisiana,Bossier City,32.5227,-93.6666,2020-10-31 15:23:41,2020-10-31 15:23:41
505,United States,Louisiana,Kenner,30.0109,-90.2549,2020-10-31 15:23:41,2020-10-31 15:23:41
506,United States,Louisiana,Lafayette,30.2084,-92.0323,2020-10-31 15:23:41,2020-10-31 15:23:41
507,United States,Louisiana,Lake Charles,30.2012,-93.2122,2020-10-31 15:23:41,2020-10-31 15:23:41
508,United States,Louisiana,Monroe,32.5183,-92.0774,2020-10-31 15:23:41,2020-10-31 15:23:41
509,United States,Louisiana,New Orleans,30.0687,-89.9288,2020-10-31 15:23:41,2020-10-31 15:23:41
510,United States,Louisiana,Shreveport,32.4656,-93.7956,2020-10-31 15:23:41,2020-10-31 15:23:41
511,United States,Maine,Portland,43.6773,-70.2715,2020-10-31 15:23:41,2020-10-31 15:23:41
512,United States,Maryland,Annapolis,38.9706,-76.5047,2020-10-31 15:23:41,2020-10-31 15:23:41
513,United States,Maryland,Baltimore,39.3051,-76.6144,2020-10-31 15:23:41,2020-10-31 15:23:41
514,United States,Maryland,Bowie,38.9569,-76.7409,2020-10-31 15:23:41,2020-10-31 15:23:41
515,United States,Maryland,Frederick,39.4336,-77.4141,2020-10-31 15:23:41,2020-10-31 15:23:41
516,United States,Maryland,Gaithersburg,39.1346,-77.2132,2020-10-31 15:23:41,2020-10-31 15:23:41
517,United States,Maryland,Hagerstown,39.6401,-77.7217,2020-10-31 15:23:41,2020-10-31 15:23:41
518,United States,Maryland,Rockville,39.0834,-77.1552,2020-10-31 15:23:41,2020-10-31 15:23:41
519,United States,Massachusetts,Attleboro,41.9311,-71.295,2020-10-31 15:23:41,2020-10-31 15:23:41
520,United States,Massachusetts,Barnstable Town,41.6722,-70.3599,2020-10-31 15:23:41,2020-10-31 15:23:41
521,United States,Massachusetts,Beverly,42.5681,-70.8627,2020-10-31 15:23:41,2020-10-31 15:23:41
522,United States,Massachusetts,Boston,42.3188,-71.0846,2020-10-31 15:23:41,2020-10-31 15:23:41
523,United States,Massachusetts,Brockton,42.0821,-71.0242,2020-10-31 15:23:41,2020-10-31 15:23:41
524,United States,Massachusetts,Cambridge,42.3759,-71.1185,2020-10-31 15:23:41,2020-10-31 15:23:41
525,United States,Massachusetts,Chelsea,42.3959,-71.0325,2020-10-31 15:23:41,2020-10-31 15:23:41
526,United States,Massachusetts,Chicopee,42.1764,-72.5719,2020-10-31 15:23:41,2020-10-31 15:23:41
527,United States,Massachusetts,Everett,42.4064,-71.0545,2020-10-31 15:23:41,2020-10-31 15:23:41
528,United States,Massachusetts,Fall River,41.7137,-71.1014,2020-10-31 15:23:41,2020-10-31 15:23:41
529,United States,Massachusetts,Fitchburg,42.5912,-71.8156,2020-10-31 15:23:41,2020-10-31 15:23:41
530,United States,Massachusetts,Haverhill,42.7838,-71.0871,2020-10-31 15:23:41,2020-10-31 15:23:41
531,United States,Massachusetts,Holyoke,42.2125,-72.6411,2020-10-31 15:23:41,2020-10-31 15:23:41
532,United States,Massachusetts,Lawrence,42.7003,-71.1626,2020-10-31 15:23:41,2020-10-31 15:23:41
533,United States,Massachusetts,Leominster,42.5209,-71.7717,2020-10-31 15:23:41,2020-10-31 15:23:41
534,United States,Massachusetts,Lowell,42.6389,-71.3217,2020-10-31 15:23:41,2020-10-31 15:23:41
535,United States,Massachusetts,Lynn,42.4779,-70.9663,2020-10-31 15:23:41,2020-10-31 15:23:41
536,United States,Massachusetts,Malden,42.4305,-71.0576,2020-10-31 15:23:41,2020-10-31 15:23:41
537,United States,Massachusetts,Marlborough,42.3494,-71.5468,2020-10-31 15:23:41,2020-10-31 15:23:41
538,United States,Massachusetts,Medford,42.4234,-71.1087,2020-10-31 15:23:41,2020-10-31 15:23:41
539,United States,Massachusetts,Methuen,42.7262,-71.1909,2020-10-31 15:23:41,2020-10-31 15:23:41
540,United States,Massachusetts,New Bedford,41.6697,-70.9428,2020-10-31 15:23:41,2020-10-31 15:23:41
541,United States,Massachusetts,Newton,42.3316,-71.2085,2020-10-31 15:23:41,2020-10-31 15:23:41
542,United States,Massachusetts,Peabody,42.5335,-70.9724,2020-10-31 15:23:41,2020-10-31 15:23:41
543,United States,Massachusetts,Pittsfield,42.4517,-73.2605,2020-10-31 15:23:41,2020-10-31 15:23:41
544,United States,Massachusetts,Quincy,42.2516,-71.0183,2020-10-31 15:23:41,2020-10-31 15:23:41
545,United States,Massachusetts,Revere,42.4192,-71.0036,2020-10-31 15:23:41,2020-10-31 15:23:41
546,United States,Massachusetts,Salem,42.5129,-70.902,2020-10-31 15:23:41,2020-10-31 15:23:41
547,United States,Massachusetts,Somerville,42.3908,-71.1013,2020-10-31 15:23:41,2020-10-31 15:23:41
548,United States,Massachusetts,Springfield,42.1155,-72.5395,2020-10-31 15:23:41,2020-10-31 15:23:41
549,United States,Massachusetts,Taunton,41.9036,-71.0943,2020-10-31 15:23:41,2020-10-31 15:23:41
550,United States,Massachusetts,Waltham,42.3889,-71.2423,2020-10-31 15:23:41,2020-10-31 15:23:41
551,United States,Massachusetts,Westfield,42.1382,-72.7561,2020-10-31 15:23:41,2020-10-31 15:23:41
552,United States,Massachusetts,Weymouth Town,42.1984,-70.9466,2020-10-31 15:23:41,2020-10-31 15:23:41
553,United States,Massachusetts,Woburn,42.4869,-71.1543,2020-10-31 15:23:41,2020-10-31 15:23:41
554,United States,Massachusetts,Worcester,42.2705,-71.8079,2020-10-31 15:23:41,2020-10-31 15:23:41
555,United States,Michigan,Ann Arbor,42.2755,-83.7312,2020-10-31 15:23:41,2020-10-31 15:23:41
556,United States,Michigan,Battle Creek,42.2986,-85.2296,2020-10-31 15:23:41,2020-10-31 15:23:41
557,United States,Michigan,Dearborn,42.3127,-83.2129,2020-10-31 15:23:41,2020-10-31 15:23:41
558,United States,Michigan,Dearborn Heights,42.3164,-83.2769,2020-10-31 15:23:41,2020-10-31 15:23:41
559,United States,Michigan,Detroit,42.3834,-83.1024,2020-10-31 15:23:41,2020-10-31 15:23:41
560,United States,Michigan,East Lansing,42.748,-84.4835,2020-10-31 15:23:41,2020-10-31 15:23:41
561,United States,Michigan,Farmington Hills,42.486,-83.3771,2020-10-31 15:23:41,2020-10-31 15:23:41
562,United States,Michigan,Flint,43.0235,-83.6922,2020-10-31 15:23:41,2020-10-31 15:23:41
563,United States,Michigan,Grand Rapids,42.962,-85.6562,2020-10-31 15:23:41,2020-10-31 15:23:41
564,United States,Michigan,Kalamazoo,42.2749,-85.5882,2020-10-31 15:23:41,2020-10-31 15:23:41
565,United States,Michigan,Kentwood,42.8852,-85.5925,2020-10-31 15:23:41,2020-10-31 15:23:41
566,United States,Michigan,Lansing,42.7142,-84.5601,2020-10-31 15:23:41,2020-10-31 15:23:41
567,United States,Michigan,Lincoln Park,42.2432,-83.1811,2020-10-31 15:23:41,2020-10-31 15:23:41
568,United States,Michigan,Livonia,42.3972,-83.3733,2020-10-31 15:23:41,2020-10-31 15:23:41
569,United States,Michigan,Midland,43.6241,-84.2319,2020-10-31 15:23:41,2020-10-31 15:23:41
570,United States,Michigan,Muskegon,43.2281,-86.2563,2020-10-31 15:23:41,2020-10-31 15:23:41
571,United States,Michigan,Novi,42.4786,-83.4893,2020-10-31 15:23:41,2020-10-31 15:23:41
572,United States,Michigan,Pontiac,42.6493,-83.2878,2020-10-31 15:23:41,2020-10-31 15:23:41
573,United States,Michigan,Portage,42.2,-85.5906,2020-10-31 15:23:41,2020-10-31 15:23:41
574,United States,Michigan,Rochester Hills,42.6645,-83.1563,2020-10-31 15:23:41,2020-10-31 15:23:41
575,United States,Michigan,Roseville,42.5074,-82.9369,2020-10-31 15:23:41,2020-10-31 15:23:41
576,United States,Michigan,Royal Oak,42.5084,-83.1539,2020-10-31 15:23:41,2020-10-31 15:23:41
577,United States,Michigan,Saginaw,43.4199,-83.9501,2020-10-31 15:23:41,2020-10-31 15:23:41
578,United States,Michigan,Southfield,42.4765,-83.2605,2020-10-31 15:23:41,2020-10-31 15:23:41
579,United States,Michigan,St. Clair Shores,42.4921,-82.8957,2020-10-31 15:23:41,2020-10-31 15:23:41
580,United States,Michigan,Sterling Heights,42.5809,-83.0305,2020-10-31 15:23:41,2020-10-31 15:23:41
581,United States,Michigan,Taylor,42.226,-83.2688,2020-10-31 15:23:41,2020-10-31 15:23:41
582,United States,Michigan,Troy,42.5818,-83.1457,2020-10-31 15:23:41,2020-10-31 15:23:41
583,United States,Michigan,Warren,42.4934,-83.027,2020-10-31 15:23:41,2020-10-31 15:23:41
584,United States,Michigan,Westland,42.3192,-83.3805,2020-10-31 15:23:41,2020-10-31 15:23:41
585,United States,Michigan,Wyoming,42.8909,-85.7066,2020-10-31 15:23:41,2020-10-31 15:23:41
586,United States,Minnesota,Apple Valley,44.7457,-93.2006,2020-10-31 15:23:41,2020-10-31 15:23:41
587,United States,Minnesota,Blaine,45.1696,-93.2077,2020-10-31 15:23:41,2020-10-31 15:23:41
588,United States,Minnesota,Bloomington,44.8306,-93.3151,2020-10-31 15:23:41,2020-10-31 15:23:41
589,United States,Minnesota,Brooklyn Park,45.1112,-93.3505,2020-10-31 15:23:41,2020-10-31 15:23:41
590,United States,Minnesota,Burnsville,44.7648,-93.2795,2020-10-31 15:23:41,2020-10-31 15:23:41
591,United States,Minnesota,Coon Rapids,45.1755,-93.3095,2020-10-31 15:23:41,2020-10-31 15:23:41
592,United States,Minnesota,Duluth,46.7756,-92.1392,2020-10-31 15:23:41,2020-10-31 15:23:41
593,United States,Minnesota,Eagan,44.8169,-93.1638,2020-10-31 15:23:41,2020-10-31 15:23:41
594,United States,Minnesota,Eden Prairie,44.8488,-93.4595,2020-10-31 15:23:41,2020-10-31 15:23:41
595,United States,Minnesota,Edina,44.8914,-93.3602,2020-10-31 15:23:41,2020-10-31 15:23:41
596,United States,Minnesota,Lakeville,44.6774,-93.252,2020-10-31 15:23:41,2020-10-31 15:23:41
597,United States,Minnesota,Mankato,44.1712,-93.9773,2020-10-31 15:23:41,2020-10-31 15:23:41
598,United States,Minnesota,Maple Grove,45.1089,-93.4626,2020-10-31 15:23:41,2020-10-31 15:23:41
599,United States,Minnesota,Maplewood,44.9842,-93.0247,2020-10-31 15:23:41,2020-10-31 15:23:41
600,United States,Minnesota,Minneapolis,44.9635,-93.2678,2020-10-31 15:23:41,2020-10-31 15:23:41
601,United States,Minnesota,Minnetonka,44.9322,-93.4598,2020-10-31 15:23:41,2020-10-31 15:23:41
602,United States,Minnesota,Moorhead,46.8673,-96.7461,2020-10-31 15:23:41,2020-10-31 15:23:41
603,United States,Minnesota,Plymouth,45.0225,-93.4618,2020-10-31 15:23:41,2020-10-31 15:23:41
604,United States,Minnesota,Rochester,44.0151,-92.4778,2020-10-31 15:23:41,2020-10-31 15:23:41
605,United States,Minnesota,Shakopee,44.7744,-93.4764,2020-10-31 15:23:41,2020-10-31 15:23:41
606,United States,Minnesota,St. Cloud,45.5339,-94.1718,2020-10-31 15:23:41,2020-10-31 15:23:41
607,United States,Minnesota,St. Louis Park,44.9488,-93.3649,2020-10-31 15:23:41,2020-10-31 15:23:41
608,United States,Minnesota,St. Paul,44.9477,-93.104,2020-10-31 15:23:41,2020-10-31 15:23:41
609,United States,Minnesota,Woodbury,44.9056,-92.923,2020-10-31 15:23:41,2020-10-31 15:23:41
610,United States,Mississippi,Biloxi,30.4422,-88.9512,2020-10-31 15:23:41,2020-10-31 15:23:41
611,United States,Mississippi,Gulfport,30.4271,-89.0703,2020-10-31 15:23:41,2020-10-31 15:23:41
612,United States,Mississippi,Hattiesburg,31.3074,-89.317,2020-10-31 15:23:41,2020-10-31 15:23:41
613,United States,Mississippi,Jackson,32.3163,-90.2124,2020-10-31 15:23:41,2020-10-31 15:23:41
614,United States,Mississippi,Meridian,32.3846,-88.6896,2020-10-31 15:23:41,2020-10-31 15:23:41
615,United States,Mississippi,Southaven,34.9514,-89.9787,2020-10-31 15:23:41,2020-10-31 15:23:41
616,United States,Missouri,Blue Springs,39.0124,-94.2721,2020-10-31 15:23:41,2020-10-31 15:23:41
617,United States,Missouri,Cape Girardeau,37.3108,-89.5597,2020-10-31 15:23:41,2020-10-31 15:23:41
618,United States,Missouri,Chesterfield,38.6588,-90.5804,2020-10-31 15:23:41,2020-10-31 15:23:41
619,United States,Missouri,Columbia,38.9478,-92.3256,2020-10-31 15:23:41,2020-10-31 15:23:41
620,United States,Missouri,Florissant,38.7996,-90.3269,2020-10-31 15:23:41,2020-10-31 15:23:41
621,United States,Missouri,Independence,39.0871,-94.3501,2020-10-31 15:23:41,2020-10-31 15:23:41
622,United States,Missouri,Jefferson City,38.5676,-92.1759,2020-10-31 15:23:41,2020-10-31 15:23:41
623,United States,Missouri,Joplin,37.0758,-94.5018,2020-10-31 15:23:41,2020-10-31 15:23:41
624,United States,Missouri,Kansas City,39.1239,-94.5541,2020-10-31 15:23:41,2020-10-31 15:23:41
625,United States,Missouri,Lee's Summit,38.9172,-94.3816,2020-10-31 15:23:41,2020-10-31 15:23:41
626,United States,Missouri,O'Fallon,38.785,-90.7175,2020-10-31 15:23:41,2020-10-31 15:23:41
627,United States,Missouri,Springfield,37.1943,-93.2916,2020-10-31 15:23:41,2020-10-31 15:23:41
628,United States,Missouri,St. Charles,38.7954,-90.5157,2020-10-31 15:23:41,2020-10-31 15:23:41
629,United States,Missouri,St. Joseph,39.7599,-94.821,2020-10-31 15:23:41,2020-10-31 15:23:41
630,United States,Missouri,St. Louis,38.6358,-90.2451,2020-10-31 15:23:41,2020-10-31 15:23:41
631,United States,Missouri,St. Peters,38.7824,-90.6061,2020-10-31 15:23:41,2020-10-31 15:23:41
632,United States,Montana,Billings,45.7891,-108.5524,2020-10-31 15:23:41,2020-10-31 15:23:41
633,United States,Montana,Bozeman,45.6832,-111.0552,2020-10-31 15:23:41,2020-10-31 15:23:41
634,United States,Montana,Great Falls,47.5022,-111.2995,2020-10-31 15:23:41,2020-10-31 15:23:41
635,United States,Montana,Missoula,46.875,-114.0214,2020-10-31 15:23:41,2020-10-31 15:23:41
636,United States,Nebraska,Bellevue,41.1535,-95.9357,2020-10-31 15:23:41,2020-10-31 15:23:41
637,United States,Nebraska,Grand Island,40.9214,-98.3584,2020-10-31 15:23:41,2020-10-31 15:23:41
638,United States,Nebraska,Lincoln,40.809,-96.6788,2020-10-31 15:23:41,2020-10-31 15:23:41
639,United States,Nebraska,Omaha,41.2627,-96.0522,2020-10-31 15:23:41,2020-10-31 15:23:41
640,United States,Nevada,Carson City,39.1512,-119.7474,2020-10-31 15:23:41,2020-10-31 15:23:41
641,United States,Nevada,Henderson,36.0133,-115.038,2020-10-31 15:23:41,2020-10-31 15:23:41
642,United States,Nevada,Las Vegas,36.2333,-115.2654,2020-10-31 15:23:41,2020-10-31 15:23:41
643,United States,Nevada,North Las Vegas,36.288,-115.0901,2020-10-31 15:23:41,2020-10-31 15:23:41
644,United States,Nevada,Reno,39.5497,-119.8483,2020-10-31 15:23:41,2020-10-31 15:23:41
645,United States,Nevada,Sparks,39.5729,-119.7157,2020-10-31 15:23:41,2020-10-31 15:23:41
646,United States,New Hampshire,Concord,43.2305,-71.5595,2020-10-31 15:23:41,2020-10-31 15:23:41
647,United States,New Hampshire,Manchester,42.9848,-71.4447,2020-10-31 15:23:41,2020-10-31 15:23:41
648,United States,New Hampshire,Nashua,42.7491,-71.491,2020-10-31 15:23:41,2020-10-31 15:23:41
649,United States,New Jersey,Atlantic City,39.3797,-74.4527,2020-10-31 15:23:41,2020-10-31 15:23:41
650,United States,New Jersey,Bayonne,40.6661,-74.1141,2020-10-31 15:23:41,2020-10-31 15:23:41
651,United States,New Jersey,Camden,39.9362,-75.1073,2020-10-31 15:23:41,2020-10-31 15:23:41
652,United States,New Jersey,Clifton,40.8631,-74.1575,2020-10-31 15:23:41,2020-10-31 15:23:41
653,United States,New Jersey,East Orange,40.7651,-74.2117,2020-10-31 15:23:41,2020-10-31 15:23:41
654,United States,New Jersey,Elizabeth,40.6657,-74.1912,2020-10-31 15:23:41,2020-10-31 15:23:41
655,United States,New Jersey,Hackensack,40.889,-74.0461,2020-10-31 15:23:41,2020-10-31 15:23:41
656,United States,New Jersey,Hoboken,40.7453,-74.0279,2020-10-31 15:23:41,2020-10-31 15:23:41
657,United States,New Jersey,Jersey City,40.7161,-74.0682,2020-10-31 15:23:41,2020-10-31 15:23:41
658,United States,New Jersey,Kearny,40.7528,-74.1202,2020-10-31 15:23:41,2020-10-31 15:23:41
659,United States,New Jersey,Linden,40.6251,-74.2381,2020-10-31 15:23:41,2020-10-31 15:23:41
660,United States,New Jersey,New Brunswick,40.487,-74.445,2020-10-31 15:23:41,2020-10-31 15:23:41
661,United States,New Jersey,Newark,40.7245,-74.1725,2020-10-31 15:23:41,2020-10-31 15:23:41
662,United States,New Jersey,Passaic,40.8574,-74.1282,2020-10-31 15:23:41,2020-10-31 15:23:41
663,United States,New Jersey,Paterson,40.9147,-74.1624,2020-10-31 15:23:41,2020-10-31 15:23:41
664,United States,New Jersey,Perth Amboy,40.5203,-74.2724,2020-10-31 15:23:41,2020-10-31 15:23:41
665,United States,New Jersey,Plainfield,40.6154,-74.4157,2020-10-31 15:23:41,2020-10-31 15:23:41
666,United States,New Jersey,Sayreville,40.4656,-74.3237,2020-10-31 15:23:41,2020-10-31 15:23:41
667,United States,New Jersey,Trenton,40.2236,-74.7641,2020-10-31 15:23:41,2020-10-31 15:23:41
668,United States,New Jersey,Union City,40.7674,-74.0323,2020-10-31 15:23:41,2020-10-31 15:23:41
669,United States,New Jersey,Vineland,39.4653,-74.9981,2020-10-31 15:23:41,2020-10-31 15:23:41
670,United States,New Jersey,West New York,40.7856,-74.0093,2020-10-31 15:23:41,2020-10-31 15:23:41
671,United States,New Mexico,Albuquerque,35.1053,-106.6464,2020-10-31 15:23:41,2020-10-31 15:23:41
672,United States,New Mexico,Clovis,34.4376,-103.1923,2020-10-31 15:23:41,2020-10-31 15:23:41
673,United States,New Mexico,Farmington,36.7555,-108.1823,2020-10-31 15:23:41,2020-10-31 15:23:41
674,United States,New Mexico,Las Cruces,32.3265,-106.7892,2020-10-31 15:23:41,2020-10-31 15:23:41
675,United States,New Mexico,Rio Rancho,35.2872,-106.6981,2020-10-31 15:23:41,2020-10-31 15:23:41
676,United States,New Mexico,Roswell,33.373,-104.5294,2020-10-31 15:23:41,2020-10-31 15:23:41
677,United States,New Mexico,Santa Fe,35.6619,-105.9819,2020-10-31 15:23:41,2020-10-31 15:23:41
678,United States,New York,Albany,42.6664,-73.7987,2020-10-31 15:23:41,2020-10-31 15:23:41
679,United States,New York,Binghamton,42.1014,-75.9093,2020-10-31 15:23:41,2020-10-31 15:23:41
680,United States,New York,Buffalo,42.9016,-78.8487,2020-10-31 15:23:41,2020-10-31 15:23:41
681,United States,New York,Freeport,40.6515,-73.585,2020-10-31 15:23:41,2020-10-31 15:23:41
682,United States,New York,Hempstead,40.7043,-73.6193,2020-10-31 15:23:41,2020-10-31 15:23:41
683,United States,New York,Mount Vernon,40.9136,-73.8291,2020-10-31 15:23:41,2020-10-31 15:23:41
684,United States,New York,New Rochelle,40.9305,-73.7836,2020-10-31 15:23:41,2020-10-31 15:23:41
685,United States,New York,New York,40.6943,-73.9249,2020-10-31 15:23:41,2020-10-31 15:23:41
686,United States,New York,Niagara Falls,43.0921,-79.0147,2020-10-31 15:23:41,2020-10-31 15:23:41
687,United States,New York,Rochester,43.168,-77.6162,2020-10-31 15:23:41,2020-10-31 15:23:41
688,United States,New York,Schenectady,42.8025,-73.9276,2020-10-31 15:23:41,2020-10-31 15:23:41
689,United States,New York,Syracuse,43.0409,-76.1438,2020-10-31 15:23:41,2020-10-31 15:23:41
690,United States,New York,Troy,42.7354,-73.6751,2020-10-31 15:23:41,2020-10-31 15:23:41
691,United States,New York,Utica,43.0961,-75.226,2020-10-31 15:23:41,2020-10-31 15:23:41
692,United States,New York,Valley Stream,40.6647,-73.7044,2020-10-31 15:23:41,2020-10-31 15:23:41
693,United States,New York,White Plains,41.022,-73.7549,2020-10-31 15:23:41,2020-10-31 15:23:41
694,United States,New York,Yonkers,40.9466,-73.8674,2020-10-31 15:23:41,2020-10-31 15:23:41
695,United States,North Carolina,Apex,35.7239,-78.8728,2020-10-31 15:23:41,2020-10-31 15:23:41
696,United States,North Carolina,Asheville,35.5704,-82.5536,2020-10-31 15:23:41,2020-10-31 15:23:41
697,United States,North Carolina,Burlington,36.0758,-79.4686,2020-10-31 15:23:41,2020-10-31 15:23:41
698,United States,North Carolina,Cary,35.782,-78.8191,2020-10-31 15:23:41,2020-10-31 15:23:41
699,United States,North Carolina,Chapel Hill,35.927,-79.0391,2020-10-31 15:23:41,2020-10-31 15:23:41
700,United States,North Carolina,Charlotte,35.208,-80.8304,2020-10-31 15:23:41,2020-10-31 15:23:41
701,United States,North Carolina,Concord,35.3933,-80.6366,2020-10-31 15:23:41,2020-10-31 15:23:41
702,United States,North Carolina,Durham,35.9794,-78.9031,2020-10-31 15:23:41,2020-10-31 15:23:41
703,United States,North Carolina,Fayetteville,35.0846,-78.9776,2020-10-31 15:23:41,2020-10-31 15:23:41
704,United States,North Carolina,Gastonia,35.2494,-81.1853,2020-10-31 15:23:41,2020-10-31 15:23:41
705,United States,North Carolina,Greensboro,36.0956,-79.8269,2020-10-31 15:23:41,2020-10-31 15:23:41
706,United States,North Carolina,Greenville,35.5956,-77.3768,2020-10-31 15:23:41,2020-10-31 15:23:41
707,United States,North Carolina,Hickory,35.7425,-81.323,2020-10-31 15:23:41,2020-10-31 15:23:41
708,United States,North Carolina,High Point,35.9907,-79.9938,2020-10-31 15:23:41,2020-10-31 15:23:41
709,United States,North Carolina,Huntersville,35.4058,-80.8727,2020-10-31 15:23:41,2020-10-31 15:23:41
710,United States,North Carolina,Jacksonville,34.7288,-77.3941,2020-10-31 15:23:41,2020-10-31 15:23:41
711,United States,North Carolina,Kannapolis,35.4764,-80.6403,2020-10-31 15:23:41,2020-10-31 15:23:41
712,United States,North Carolina,Raleigh,35.8325,-78.6435,2020-10-31 15:23:41,2020-10-31 15:23:41
713,United States,North Carolina,Rocky Mount,35.9676,-77.8048,2020-10-31 15:23:41,2020-10-31 15:23:41
714,United States,North Carolina,Wilmington,34.21,-77.8866,2020-10-31 15:23:41,2020-10-31 15:23:41
715,United States,North Carolina,Wilson,35.7312,-77.9284,2020-10-31 15:23:41,2020-10-31 15:23:41
716,United States,North Carolina,Winston-Salem,36.1029,-80.2611,2020-10-31 15:23:41,2020-10-31 15:23:41
717,United States,North Dakota,Bismarck,46.8144,-100.7694,2020-10-31 15:23:41,2020-10-31 15:23:41
718,United States,North Dakota,Fargo,46.8652,-96.8292,2020-10-31 15:23:41,2020-10-31 15:23:41
719,United States,North Dakota,Grand Forks,47.9218,-97.0886,2020-10-31 15:23:41,2020-10-31 15:23:41
720,United States,North Dakota,Minot,48.2375,-101.2781,2020-10-31 15:23:41,2020-10-31 15:23:41
721,United States,Ohio,Akron,41.0798,-81.5219,2020-10-31 15:23:41,2020-10-31 15:23:41
722,United States,Ohio,Beavercreek,39.731,-84.0624,2020-10-31 15:23:41,2020-10-31 15:23:41
723,United States,Ohio,Canton,40.8075,-81.3677,2020-10-31 15:23:41,2020-10-31 15:23:41
724,United States,Ohio,Cincinnati,39.1413,-84.5061,2020-10-31 15:23:41,2020-10-31 15:23:41
725,United States,Ohio,Cleveland,41.4767,-81.6804,2020-10-31 15:23:41,2020-10-31 15:23:41
726,United States,Ohio,Cleveland Heights,41.5112,-81.5636,2020-10-31 15:23:41,2020-10-31 15:23:41
727,United States,Ohio,Columbus,39.9862,-82.985,2020-10-31 15:23:41,2020-10-31 15:23:41
728,United States,Ohio,Cuyahoga Falls,41.1641,-81.5207,2020-10-31 15:23:41,2020-10-31 15:23:41
729,United States,Ohio,Dayton,39.7797,-84.1998,2020-10-31 15:23:41,2020-10-31 15:23:41
730,United States,Ohio,Dublin,40.1112,-83.1454,2020-10-31 15:23:41,2020-10-31 15:23:41
731,United States,Ohio,Elyria,41.3761,-82.1063,2020-10-31 15:23:41,2020-10-31 15:23:41
732,United States,Ohio,Euclid,41.5904,-81.5188,2020-10-31 15:23:41,2020-10-31 15:23:41
733,United States,Ohio,Fairfield,39.3301,-84.5409,2020-10-31 15:23:41,2020-10-31 15:23:41
734,United States,Ohio,Findlay,41.0467,-83.6379,2020-10-31 15:23:41,2020-10-31 15:23:41
735,United States,Ohio,Grove City,39.8659,-83.0694,2020-10-31 15:23:41,2020-10-31 15:23:41
736,United States,Ohio,Hamilton,39.3938,-84.5653,2020-10-31 15:23:41,2020-10-31 15:23:41
737,United States,Ohio,Huber Heights,39.8595,-84.113,2020-10-31 15:23:41,2020-10-31 15:23:41
738,United States,Ohio,Kettering,39.6957,-84.1495,2020-10-31 15:23:41,2020-10-31 15:23:41
739,United States,Ohio,Lakewood,41.4824,-81.8008,2020-10-31 15:23:41,2020-10-31 15:23:41
740,United States,Ohio,Lancaster,39.7249,-82.6049,2020-10-31 15:23:41,2020-10-31 15:23:41
741,United States,Ohio,Lima,40.741,-84.1121,2020-10-31 15:23:41,2020-10-31 15:23:41
742,United States,Ohio,Lorain,41.4409,-82.184,2020-10-31 15:23:41,2020-10-31 15:23:41
743,United States,Ohio,Mansfield,40.7656,-82.5275,2020-10-31 15:23:41,2020-10-31 15:23:41
744,United States,Ohio,Mentor,41.6895,-81.3361,2020-10-31 15:23:41,2020-10-31 15:23:41
745,United States,Ohio,Middletown,39.5032,-84.366,2020-10-31 15:23:41,2020-10-31 15:23:41
746,United States,Ohio,Newark,40.0705,-82.4251,2020-10-31 15:23:41,2020-10-31 15:23:41
747,United States,Ohio,Parma,41.3843,-81.7286,2020-10-31 15:23:41,2020-10-31 15:23:41
748,United States,Ohio,Springfield,39.9297,-83.7957,2020-10-31 15:23:41,2020-10-31 15:23:41
749,United States,Ohio,Strongsville,41.3128,-81.8313,2020-10-31 15:23:41,2020-10-31 15:23:41
750,United States,Ohio,Toledo,41.6639,-83.5822,2020-10-31 15:23:41,2020-10-31 15:23:41
751,United States,Ohio,Warren,41.239,-80.8174,2020-10-31 15:23:41,2020-10-31 15:23:41
752,United States,Ohio,Westerville,40.1241,-82.9209,2020-10-31 15:23:41,2020-10-31 15:23:41
753,United States,Ohio,Youngstown,41.0993,-80.6463,2020-10-31 15:23:41,2020-10-31 15:23:41
754,United States,Oklahoma,Broken Arrow,36.0365,-95.7809,2020-10-31 15:23:41,2020-10-31 15:23:41
755,United States,Oklahoma,Edmond,35.6689,-97.4159,2020-10-31 15:23:41,2020-10-31 15:23:41
756,United States,Oklahoma,Enid,36.4061,-97.8701,2020-10-31 15:23:41,2020-10-31 15:23:41
757,United States,Oklahoma,Lawton,34.6176,-98.4203,2020-10-31 15:23:41,2020-10-31 15:23:41
758,United States,Oklahoma,Midwest City,35.463,-97.3709,2020-10-31 15:23:41,2020-10-31 15:23:41
759,United States,Oklahoma,Moore,35.3293,-97.4758,2020-10-31 15:23:41,2020-10-31 15:23:41
760,United States,Oklahoma,Muskogee,35.7431,-95.3568,2020-10-31 15:23:41,2020-10-31 15:23:41
761,United States,Oklahoma,Norman,35.2335,-97.3471,2020-10-31 15:23:41,2020-10-31 15:23:41
762,United States,Oklahoma,Oklahoma City,35.4676,-97.5136,2020-10-31 15:23:41,2020-10-31 15:23:41
763,United States,Oklahoma,Stillwater,36.1316,-97.074,2020-10-31 15:23:41,2020-10-31 15:23:41
764,United States,Oklahoma,Tulsa,36.1284,-95.9042,2020-10-31 15:23:41,2020-10-31 15:23:41
765,United States,Oregon,Albany,44.6274,-123.0966,2020-10-31 15:23:41,2020-10-31 15:23:41
766,United States,Oregon,Beaverton,45.4779,-122.8168,2020-10-31 15:23:41,2020-10-31 15:23:41
767,United States,Oregon,Bend,44.0562,-121.3087,2020-10-31 15:23:41,2020-10-31 15:23:41
768,United States,Oregon,Corvallis,44.5697,-123.278,2020-10-31 15:23:41,2020-10-31 15:23:41
769,United States,Oregon,Eugene,44.0563,-123.1173,2020-10-31 15:23:41,2020-10-31 15:23:41
770,United States,Oregon,Gresham,45.5023,-122.4413,2020-10-31 15:23:41,2020-10-31 15:23:41
771,United States,Oregon,Hillsboro,45.5272,-122.9361,2020-10-31 15:23:41,2020-10-31 15:23:41
772,United States,Oregon,Keizer,45.0029,-123.0241,2020-10-31 15:23:41,2020-10-31 15:23:41
773,United States,Oregon,Lake Oswego,45.413,-122.7003,2020-10-31 15:23:41,2020-10-31 15:23:41
774,United States,Oregon,Medford,42.3372,-122.8537,2020-10-31 15:23:41,2020-10-31 15:23:41
775,United States,Oregon,Portland,45.5372,-122.65,2020-10-31 15:23:41,2020-10-31 15:23:41
776,United States,Oregon,Salem,44.9231,-123.0246,2020-10-31 15:23:41,2020-10-31 15:23:41
777,United States,Oregon,Springfield,44.0538,-122.981,2020-10-31 15:23:41,2020-10-31 15:23:41
778,United States,Oregon,Tigard,45.4237,-122.7845,2020-10-31 15:23:41,2020-10-31 15:23:41
779,United States,Pennsylvania,Allentown,40.5961,-75.4756,2020-10-31 15:23:41,2020-10-31 15:23:41
780,United States,Pennsylvania,Altoona,40.5082,-78.4007,2020-10-31 15:23:41,2020-10-31 15:23:41
781,United States,Pennsylvania,Bethlehem,40.6266,-75.3679,2020-10-31 15:23:41,2020-10-31 15:23:41
782,United States,Pennsylvania,Erie,42.1168,-80.0733,2020-10-31 15:23:41,2020-10-31 15:23:41
783,United States,Pennsylvania,Harrisburg,40.2752,-76.8843,2020-10-31 15:23:41,2020-10-31 15:23:41
784,United States,Pennsylvania,Lancaster,40.0421,-76.3012,2020-10-31 15:23:41,2020-10-31 15:23:41
785,United States,Pennsylvania,Philadelphia,40.0077,-75.1339,2020-10-31 15:23:41,2020-10-31 15:23:41
786,United States,Pennsylvania,Pittsburgh,40.4396,-79.9762,2020-10-31 15:23:41,2020-10-31 15:23:41
787,United States,Pennsylvania,Reading,40.34,-75.9267,2020-10-31 15:23:41,2020-10-31 15:23:41
788,United States,Pennsylvania,Scranton,41.4044,-75.6649,2020-10-31 15:23:41,2020-10-31 15:23:41
789,United States,Pennsylvania,State College,40.7909,-77.8568,2020-10-31 15:23:41,2020-10-31 15:23:41
790,United States,Pennsylvania,Wilkes-Barre,41.2468,-75.8759,2020-10-31 15:23:41,2020-10-31 15:23:41
791,United States,Pennsylvania,York,39.9651,-76.7315,2020-10-31 15:23:41,2020-10-31 15:23:41
792,United States,Rhode Island,Cranston,41.7658,-71.4857,2020-10-31 15:23:41,2020-10-31 15:23:41
793,United States,Rhode Island,East Providence,41.8065,-71.3565,2020-10-31 15:23:41,2020-10-31 15:23:41
794,United States,Rhode Island,Pawtucket,41.8744,-71.3743,2020-10-31 15:23:41,2020-10-31 15:23:41
795,United States,Rhode Island,Providence,41.823,-71.4187,2020-10-31 15:23:41,2020-10-31 15:23:41
796,United States,Rhode Island,Warwick,41.7062,-71.4334,2020-10-31 15:23:41,2020-10-31 15:23:41
797,United States,Rhode Island,Woonsocket,42.001,-71.4993,2020-10-31 15:23:41,2020-10-31 15:23:41
798,United States,South Carolina,Charleston,32.8153,-79.9628,2020-10-31 15:23:41,2020-10-31 15:23:41
799,United States,South Carolina,Columbia,34.0376,-80.9037,2020-10-31 15:23:41,2020-10-31 15:23:41
800,United States,South Carolina,Florence,34.1781,-79.7877,2020-10-31 15:23:41,2020-10-31 15:23:41
801,United States,South Carolina,Goose Creek,32.9925,-80.0054,2020-10-31 15:23:41,2020-10-31 15:23:41
802,United States,South Carolina,Greenville,34.8353,-82.3647,2020-10-31 15:23:41,2020-10-31 15:23:41
803,United States,South Carolina,Hilton Head Island,32.1896,-80.7499,2020-10-31 15:23:41,2020-10-31 15:23:41
804,United States,South Carolina,Mount Pleasant,32.8538,-79.8204,2020-10-31 15:23:41,2020-10-31 15:23:41
805,United States,South Carolina,North Charleston,32.9066,-80.0722,2020-10-31 15:23:41,2020-10-31 15:23:41
806,United States,South Carolina,Rock Hill,34.9416,-81.0244,2020-10-31 15:23:41,2020-10-31 15:23:41
807,United States,South Carolina,Spartanburg,34.9437,-81.9257,2020-10-31 15:23:41,2020-10-31 15:23:41
808,United States,South Carolina,Summerville,33.0015,-80.1799,2020-10-31 15:23:41,2020-10-31 15:23:41
809,United States,South Carolina,Sumter,33.9392,-80.393,2020-10-31 15:23:41,2020-10-31 15:23:41
810,United States,South Dakota,Rapid City,44.0716,-103.2204,2020-10-31 15:23:41,2020-10-31 15:23:41
811,United States,South Dakota,Sioux Falls,43.5397,-96.732,2020-10-31 15:23:41,2020-10-31 15:23:41
812,United States,Tennessee,Bartlett,35.2337,-89.8195,2020-10-31 15:23:41,2020-10-31 15:23:41
813,United States,Tennessee,Brentwood,35.9918,-86.7758,2020-10-31 15:23:41,2020-10-31 15:23:41
814,United States,Tennessee,Chattanooga,35.0657,-85.2488,2020-10-31 15:23:41,2020-10-31 15:23:41
815,United States,Tennessee,Clarksville,36.5695,-87.342,2020-10-31 15:23:41,2020-10-31 15:23:41
816,United States,Tennessee,Cleveland,35.1817,-84.8707,2020-10-31 15:23:41,2020-10-31 15:23:41
817,United States,Tennessee,Collierville,35.0471,-89.6988,2020-10-31 15:23:41,2020-10-31 15:23:41
818,United States,Tennessee,Franklin,35.9216,-86.8525,2020-10-31 15:23:41,2020-10-31 15:23:41
819,United States,Tennessee,Germantown,35.0829,-89.7825,2020-10-31 15:23:41,2020-10-31 15:23:41
820,United States,Tennessee,Hendersonville,36.3063,-86.5998,2020-10-31 15:23:41,2020-10-31 15:23:41
821,United States,Tennessee,Jackson,35.6535,-88.8353,2020-10-31 15:23:41,2020-10-31 15:23:41
822,United States,Tennessee,Johnson City,36.3406,-82.3803,2020-10-31 15:23:41,2020-10-31 15:23:41
823,United States,Tennessee,Kingsport,36.5224,-82.5453,2020-10-31 15:23:41,2020-10-31 15:23:41
824,United States,Tennessee,Knoxville,35.9692,-83.9496,2020-10-31 15:23:41,2020-10-31 15:23:41
825,United States,Tennessee,Memphis,35.1046,-89.9773,2020-10-31 15:23:41,2020-10-31 15:23:41
826,United States,Tennessee,Murfreesboro,35.8492,-86.4119,2020-10-31 15:23:41,2020-10-31 15:23:41
827,United States,Tennessee,Nashville-Davidson,36.1715,-86.7843,2020-10-31 15:23:41,2020-10-31 15:23:41
828,United States,Tennessee,Smyrna,35.9722,-86.5253,2020-10-31 15:23:41,2020-10-31 15:23:41
829,United States,Texas,Abilene,32.4543,-99.7384,2020-10-31 15:23:41,2020-10-31 15:23:41
830,United States,Texas,Allen,33.1088,-96.6735,2020-10-31 15:23:41,2020-10-31 15:23:41
831,United States,Texas,Amarillo,35.1988,-101.8311,2020-10-31 15:23:41,2020-10-31 15:23:41
832,United States,Texas,Arlington,32.6998,-97.125,2020-10-31 15:23:41,2020-10-31 15:23:41
833,United States,Texas,Austin,30.3004,-97.7522,2020-10-31 15:23:41,2020-10-31 15:23:41
834,United States,Texas,Baytown,29.7586,-94.9669,2020-10-31 15:23:41,2020-10-31 15:23:41
835,United States,Texas,Beaumont,30.0849,-94.1451,2020-10-31 15:23:41,2020-10-31 15:23:41
836,United States,Texas,Bedford,32.8464,-97.135,2020-10-31 15:23:41,2020-10-31 15:23:41
837,United States,Texas,Brownsville,25.998,-97.4565,2020-10-31 15:23:41,2020-10-31 15:23:41
838,United States,Texas,Bryan,30.6657,-96.3668,2020-10-31 15:23:41,2020-10-31 15:23:41
839,United States,Texas,Burleson,32.517,-97.3343,2020-10-31 15:23:41,2020-10-31 15:23:41
840,United States,Texas,Carrollton,32.989,-96.8999,2020-10-31 15:23:41,2020-10-31 15:23:41
841,United States,Texas,Cedar Hill,32.581,-96.9591,2020-10-31 15:23:41,2020-10-31 15:23:41
842,United States,Texas,Cedar Park,30.5106,-97.8196,2020-10-31 15:23:41,2020-10-31 15:23:41
843,United States,Texas,College Station,30.5852,-96.296,2020-10-31 15:23:41,2020-10-31 15:23:41
844,United States,Texas,Conroe,30.3239,-95.4825,2020-10-31 15:23:41,2020-10-31 15:23:41
845,United States,Texas,Coppell,32.9638,-96.9905,2020-10-31 15:23:41,2020-10-31 15:23:41
846,United States,Texas,Corpus Christi,27.726,-97.3755,2020-10-31 15:23:41,2020-10-31 15:23:41
847,United States,Texas,Dallas,32.7936,-96.7662,2020-10-31 15:23:41,2020-10-31 15:23:41
848,United States,Texas,Denton,33.2176,-97.1419,2020-10-31 15:23:41,2020-10-31 15:23:41
849,United States,Texas,DeSoto,32.5992,-96.8633,2020-10-31 15:23:41,2020-10-31 15:23:41
850,United States,Texas,Duncanville,32.646,-96.9127,2020-10-31 15:23:41,2020-10-31 15:23:41
851,United States,Texas,Edinburg,26.3197,-98.1596,2020-10-31 15:23:41,2020-10-31 15:23:41
852,United States,Texas,El Paso,31.8479,-106.4309,2020-10-31 15:23:41,2020-10-31 15:23:41
853,United States,Texas,Euless,32.8508,-97.0799,2020-10-31 15:23:41,2020-10-31 15:23:41
854,United States,Texas,Flower Mound,33.0344,-97.1146,2020-10-31 15:23:41,2020-10-31 15:23:41
855,United States,Texas,Fort Worth,32.7811,-97.3473,2020-10-31 15:23:41,2020-10-31 15:23:41
856,United States,Texas,Friendswood,29.5111,-95.1979,2020-10-31 15:23:41,2020-10-31 15:23:41
857,United States,Texas,Frisco,33.1555,-96.8215,2020-10-31 15:23:41,2020-10-31 15:23:41
858,United States,Texas,Galveston,29.2487,-94.891,2020-10-31 15:23:41,2020-10-31 15:23:41
859,United States,Texas,Garland,32.91,-96.6305,2020-10-31 15:23:41,2020-10-31 15:23:41
860,United States,Texas,Georgetown,30.6668,-97.6953,2020-10-31 15:23:41,2020-10-31 15:23:41
861,United States,Texas,Grand Prairie,32.6872,-97.0209,2020-10-31 15:23:41,2020-10-31 15:23:41
862,United States,Texas,Grapevine,32.9343,-97.0744,2020-10-31 15:23:41,2020-10-31 15:23:41
863,United States,Texas,Haltom City,32.8176,-97.2707,2020-10-31 15:23:41,2020-10-31 15:23:41
864,United States,Texas,Harlingen,26.1917,-97.6976,2020-10-31 15:23:41,2020-10-31 15:23:41
865,United States,Texas,Houston,29.7863,-95.3889,2020-10-31 15:23:41,2020-10-31 15:23:41
866,United States,Texas,Huntsville,30.705,-95.5544,2020-10-31 15:23:41,2020-10-31 15:23:41
867,United States,Texas,Hurst,32.8353,-97.1808,2020-10-31 15:23:41,2020-10-31 15:23:41
868,United States,Texas,Irving,32.8584,-96.9702,2020-10-31 15:23:41,2020-10-31 15:23:41
869,United States,Texas,Keller,32.9337,-97.2255,2020-10-31 15:23:41,2020-10-31 15:23:41
870,United States,Texas,Killeen,31.0754,-97.7296,2020-10-31 15:23:41,2020-10-31 15:23:41
871,United States,Texas,Lancaster,32.5922,-96.7737,2020-10-31 15:23:41,2020-10-31 15:23:41
872,United States,Texas,Laredo,27.5629,-99.4875,2020-10-31 15:23:41,2020-10-31 15:23:41
873,United States,Texas,League City,29.4873,-95.1087,2020-10-31 15:23:41,2020-10-31 15:23:41
874,United States,Texas,Lewisville,33.0452,-96.9823,2020-10-31 15:23:41,2020-10-31 15:23:41
875,United States,Texas,Longview,32.5193,-94.7621,2020-10-31 15:23:41,2020-10-31 15:23:41
876,United States,Texas,Lubbock,33.5659,-101.8878,2020-10-31 15:23:41,2020-10-31 15:23:41
877,United States,Texas,Mansfield,32.569,-97.1211,2020-10-31 15:23:41,2020-10-31 15:23:41
878,United States,Texas,McAllen,26.2273,-98.2471,2020-10-31 15:23:41,2020-10-31 15:23:41
879,United States,Texas,McKinney,33.2015,-96.6669,2020-10-31 15:23:41,2020-10-31 15:23:41
880,United States,Texas,Mesquite,32.7623,-96.5889,2020-10-31 15:23:41,2020-10-31 15:23:41
881,United States,Texas,Midland,32.0249,-102.1137,2020-10-31 15:23:41,2020-10-31 15:23:41
882,United States,Texas,Mission,26.2041,-98.3251,2020-10-31 15:23:41,2020-10-31 15:23:41
883,United States,Texas,Missouri City,29.563,-95.5365,2020-10-31 15:23:41,2020-10-31 15:23:41
884,United States,Texas,New Braunfels,29.6994,-98.1148,2020-10-31 15:23:41,2020-10-31 15:23:41
885,United States,Texas,North Richland Hills,32.8605,-97.218,2020-10-31 15:23:41,2020-10-31 15:23:41
886,United States,Texas,Odessa,31.8831,-102.3406,2020-10-31 15:23:41,2020-10-31 15:23:41
887,United States,Texas,Pasadena,29.6583,-95.1499,2020-10-31 15:23:41,2020-10-31 15:23:41
888,United States,Texas,Pearland,29.5585,-95.3215,2020-10-31 15:23:41,2020-10-31 15:23:41
889,United States,Texas,Pflugerville,30.452,-97.6022,2020-10-31 15:23:41,2020-10-31 15:23:41
890,United States,Texas,Pharr,26.1685,-98.1904,2020-10-31 15:23:41,2020-10-31 15:23:41
891,United States,Texas,Plano,33.0502,-96.7487,2020-10-31 15:23:41,2020-10-31 15:23:41
892,United States,Texas,Port Arthur,29.8554,-93.9264,2020-10-31 15:23:41,2020-10-31 15:23:41
893,United States,Texas,Richardson,32.9717,-96.7093,2020-10-31 15:23:41,2020-10-31 15:23:41
894,United States,Texas,Rockwall,32.9169,-96.4377,2020-10-31 15:23:41,2020-10-31 15:23:41
895,United States,Texas,Round Rock,30.5254,-97.666,2020-10-31 15:23:41,2020-10-31 15:23:41
896,United States,Texas,Rowlett,32.9157,-96.5488,2020-10-31 15:23:41,2020-10-31 15:23:41
897,United States,Texas,San Angelo,31.4424,-100.4506,2020-10-31 15:23:41,2020-10-31 15:23:41
898,United States,Texas,San Antonio,29.4658,-98.5253,2020-10-31 15:23:41,2020-10-31 15:23:41
899,United States,Texas,San Marcos,29.8736,-97.9381,2020-10-31 15:23:41,2020-10-31 15:23:41
900,United States,Texas,Sherman,33.6274,-96.6218,2020-10-31 15:23:41,2020-10-31 15:23:41
901,United States,Texas,Sugar Land,29.5935,-95.6357,2020-10-31 15:23:41,2020-10-31 15:23:41
902,United States,Texas,Temple,31.1076,-97.3894,2020-10-31 15:23:41,2020-10-31 15:23:41
903,United States,Texas,Texarkana,33.4487,-94.0815,2020-10-31 15:23:41,2020-10-31 15:23:41
904,United States,Texas,Texas City,29.4128,-94.9658,2020-10-31 15:23:41,2020-10-31 15:23:41
905,United States,Texas,The Colony,33.0925,-96.8977,2020-10-31 15:23:41,2020-10-31 15:23:41
906,United States,Texas,Tyler,32.3184,-95.3062,2020-10-31 15:23:41,2020-10-31 15:23:41
907,United States,Texas,Victoria,28.8285,-96.985,2020-10-31 15:23:41,2020-10-31 15:23:41
908,United States,Texas,Waco,31.5598,-97.1881,2020-10-31 15:23:41,2020-10-31 15:23:41
909,United States,Texas,Weslaco,26.1648,-97.9898,2020-10-31 15:23:41,2020-10-31 15:23:41
910,United States,Texas,Wichita Falls,33.9072,-98.5291,2020-10-31 15:23:41,2020-10-31 15:23:41
911,United States,Texas,Wylie,33.0362,-96.5161,2020-10-31 15:23:41,2020-10-31 15:23:41
912,United States,Utah,Bountiful,40.8722,-111.8647,2020-10-31 15:23:41,2020-10-31 15:23:41
913,United States,Utah,Draper,40.4957,-111.8605,2020-10-31 15:23:41,2020-10-31 15:23:41
914,United States,Utah,Layton,41.0769,-111.9621,2020-10-31 15:23:41,2020-10-31 15:23:41
915,United States,Utah,Lehi,40.4136,-111.8726,2020-10-31 15:23:41,2020-10-31 15:23:41
916,United States,Utah,Logan,41.74,-111.8419,2020-10-31 15:23:41,2020-10-31 15:23:41
917,United States,Utah,Murray,40.6498,-111.8874,2020-10-31 15:23:41,2020-10-31 15:23:41
918,United States,Utah,Ogden,41.2278,-111.9682,2020-10-31 15:23:41,2020-10-31 15:23:41
919,United States,Utah,Orem,40.2983,-111.6992,2020-10-31 15:23:41,2020-10-31 15:23:41
920,United States,Utah,Provo,40.2457,-111.6457,2020-10-31 15:23:41,2020-10-31 15:23:41
921,United States,Utah,Riverton,40.5177,-111.9635,2020-10-31 15:23:41,2020-10-31 15:23:41
922,United States,Utah,Roy,41.1715,-112.0485,2020-10-31 15:23:41,2020-10-31 15:23:41
923,United States,Utah,Salt Lake City,40.7777,-111.9306,2020-10-31 15:23:41,2020-10-31 15:23:41
924,United States,Utah,Sandy,40.571,-111.8505,2020-10-31 15:23:41,2020-10-31 15:23:41
925,United States,Utah,South Jordan,40.557,-111.9782,2020-10-31 15:23:41,2020-10-31 15:23:41
926,United States,Utah,Spanish Fork,40.1101,-111.6406,2020-10-31 15:23:41,2020-10-31 15:23:41
927,United States,Utah,St. George,37.077,-113.577,2020-10-31 15:23:41,2020-10-31 15:23:41
928,United States,Utah,Taylorsville,40.657,-111.9493,2020-10-31 15:23:41,2020-10-31 15:23:41
929,United States,Utah,West Jordan,40.6024,-112.0008,2020-10-31 15:23:41,2020-10-31 15:23:41
930,United States,Utah,West Valley City,40.6889,-112.0115,2020-10-31 15:23:41,2020-10-31 15:23:41
931,United States,Vermont,Burlington,44.4877,-73.2314,2020-10-31 15:23:41,2020-10-31 15:23:41
932,United States,Virginia,Alexandria,38.8185,-77.0861,2020-10-31 15:23:41,2020-10-31 15:23:41
933,United States,Virginia,Blacksburg,37.23,-80.4279,2020-10-31 15:23:41,2020-10-31 15:23:41
934,United States,Virginia,Charlottesville,38.0375,-78.4855,2020-10-31 15:23:41,2020-10-31 15:23:41
935,United States,Virginia,Chesapeake,36.6778,-76.3024,2020-10-31 15:23:41,2020-10-31 15:23:41
936,United States,Virginia,Danville,36.5831,-79.4087,2020-10-31 15:23:41,2020-10-31 15:23:41
937,United States,Virginia,Hampton,37.0551,-76.363,2020-10-31 15:23:41,2020-10-31 15:23:41
938,United States,Virginia,Harrisonburg,38.4361,-78.8735,2020-10-31 15:23:41,2020-10-31 15:23:41
939,United States,Virginia,Leesburg,39.1058,-77.5544,2020-10-31 15:23:41,2020-10-31 15:23:41
940,United States,Virginia,Lynchburg,37.4003,-79.1909,2020-10-31 15:23:41,2020-10-31 15:23:41
941,United States,Virginia,Manassas,38.7479,-77.4839,2020-10-31 15:23:41,2020-10-31 15:23:41
942,United States,Virginia,Newport News,37.1051,-76.5185,2020-10-31 15:23:41,2020-10-31 15:23:41
943,United States,Virginia,Norfolk,36.8945,-76.259,2020-10-31 15:23:41,2020-10-31 15:23:41
944,United States,Virginia,Portsmouth,36.8468,-76.354,2020-10-31 15:23:41,2020-10-31 15:23:41
945,United States,Virginia,Richmond,37.5295,-77.4756,2020-10-31 15:23:41,2020-10-31 15:23:41
946,United States,Virginia,Roanoke,37.2785,-79.958,2020-10-31 15:23:41,2020-10-31 15:23:41
947,United States,Virginia,Suffolk,36.6953,-76.6398,2020-10-31 15:23:41,2020-10-31 15:23:41
948,United States,Virginia,Virginia Beach,36.7335,-76.0435,2020-10-31 15:23:41,2020-10-31 15:23:41
949,United States,Washington,Auburn,47.3039,-122.2108,2020-10-31 15:23:41,2020-10-31 15:23:41
950,United States,Washington,Bellevue,47.5951,-122.1535,2020-10-31 15:23:41,2020-10-31 15:23:41
951,United States,Washington,Bellingham,48.7543,-122.4687,2020-10-31 15:23:41,2020-10-31 15:23:41
952,United States,Washington,Bremerton,47.5436,-122.7122,2020-10-31 15:23:41,2020-10-31 15:23:41
953,United States,Washington,Burien,47.4762,-122.3394,2020-10-31 15:23:41,2020-10-31 15:23:41
954,United States,Washington,Edmonds,47.8115,-122.3533,2020-10-31 15:23:41,2020-10-31 15:23:41
955,United States,Washington,Everett,47.9525,-122.1669,2020-10-31 15:23:41,2020-10-31 15:23:41
956,United States,Washington,Federal Way,47.3091,-122.3358,2020-10-31 15:23:41,2020-10-31 15:23:41
957,United States,Washington,Kennewick,46.1978,-119.1732,2020-10-31 15:23:41,2020-10-31 15:23:41
958,United States,Washington,Kent,47.3887,-122.2129,2020-10-31 15:23:41,2020-10-31 15:23:41
959,United States,Washington,Kirkland,47.6974,-122.2054,2020-10-31 15:23:41,2020-10-31 15:23:41
960,United States,Washington,Lacey,47.046,-122.7934,2020-10-31 15:23:41,2020-10-31 15:23:41
961,United States,Washington,Lakewood,47.1628,-122.5299,2020-10-31 15:23:41,2020-10-31 15:23:41
962,United States,Washington,Marysville,48.0809,-122.1561,2020-10-31 15:23:41,2020-10-31 15:23:41
963,United States,Washington,Olympia,47.0417,-122.8959,2020-10-31 15:23:41,2020-10-31 15:23:41
964,United States,Washington,Pasco,46.2506,-119.1304,2020-10-31 15:23:41,2020-10-31 15:23:41
965,United States,Washington,Puyallup,47.1794,-122.2902,2020-10-31 15:23:41,2020-10-31 15:23:41
966,United States,Washington,Redmond,47.6762,-122.1169,2020-10-31 15:23:41,2020-10-31 15:23:41
967,United States,Washington,Renton,47.4784,-122.1919,2020-10-31 15:23:41,2020-10-31 15:23:41
968,United States,Washington,Richland,46.2824,-119.2938,2020-10-31 15:23:41,2020-10-31 15:23:41
969,United States,Washington,Sammamish,47.6017,-122.0416,2020-10-31 15:23:41,2020-10-31 15:23:41
970,United States,Washington,Seattle,47.6211,-122.3244,2020-10-31 15:23:41,2020-10-31 15:23:41
971,United States,Washington,Shoreline,47.7564,-122.3426,2020-10-31 15:23:41,2020-10-31 15:23:41
972,United States,Washington,Spokane,47.6671,-117.433,2020-10-31 15:23:41,2020-10-31 15:23:41
973,United States,Washington,Spokane Valley,47.6626,-117.2346,2020-10-31 15:23:41,2020-10-31 15:23:41
974,United States,Washington,Tacoma,47.2431,-122.4531,2020-10-31 15:23:41,2020-10-31 15:23:41
975,United States,Washington,Vancouver,45.6366,-122.5967,2020-10-31 15:23:41,2020-10-31 15:23:41
976,United States,Washington,Yakima,46.5923,-120.5496,2020-10-31 15:23:41,2020-10-31 15:23:41
977,United States,West Virginia,Charleston,38.3484,-81.6323,2020-10-31 15:23:41,2020-10-31 15:23:41
978,United States,West Virginia,Huntington,38.4109,-82.4344,2020-10-31 15:23:41,2020-10-31 15:23:41
979,United States,Wisconsin,Appleton,44.2779,-88.3891,2020-10-31 15:23:41,2020-10-31 15:23:41
980,United States,Wisconsin,Beloit,42.523,-89.0184,2020-10-31 15:23:41,2020-10-31 15:23:41
981,United States,Wisconsin,Brookfield,43.064,-88.1231,2020-10-31 15:23:41,2020-10-31 15:23:41
982,United States,Wisconsin,Eau Claire,44.8199,-91.4949,2020-10-31 15:23:41,2020-10-31 15:23:41
983,United States,Wisconsin,Fond du Lac,43.7718,-88.4396,2020-10-31 15:23:41,2020-10-31 15:23:41
984,United States,Wisconsin,Green Bay,44.515,-87.9896,2020-10-31 15:23:41,2020-10-31 15:23:41
985,United States,Wisconsin,Greenfield,42.9619,-88.0051,2020-10-31 15:23:41,2020-10-31 15:23:41
986,United States,Wisconsin,Janesville,42.6855,-89.0136,2020-10-31 15:23:41,2020-10-31 15:23:41
987,United States,Wisconsin,Kenosha,42.5864,-87.8765,2020-10-31 15:23:41,2020-10-31 15:23:41
988,United States,Wisconsin,La Crosse,43.824,-91.2268,2020-10-31 15:23:41,2020-10-31 15:23:41
989,United States,Wisconsin,Madison,43.0826,-89.3931,2020-10-31 15:23:41,2020-10-31 15:23:41
990,United States,Wisconsin,Milwaukee,43.0642,-87.9673,2020-10-31 15:23:41,2020-10-31 15:23:41
991,United States,Wisconsin,New Berlin,42.9726,-88.1291,2020-10-31 15:23:41,2020-10-31 15:23:41
992,United States,Wisconsin,Oshkosh,44.0228,-88.5619,2020-10-31 15:23:41,2020-10-31 15:23:41
993,United States,Wisconsin,Racine,42.7274,-87.8135,2020-10-31 15:23:41,2020-10-31 15:23:41
994,United States,Wisconsin,Sheboygan,43.7403,-87.7316,2020-10-31 15:23:41,2020-10-31 15:23:41
995,United States,Wisconsin,Waukesha,43.0087,-88.2464,2020-10-31 15:23:41,2020-10-31 15:23:41
996,United States,Wisconsin,Wausau,44.962,-89.6459,2020-10-31 15:23:41,2020-10-31 15:23:41
997,United States,Wisconsin,Wauwatosa,43.0615,-88.0347,2020-10-31 15:23:41,2020-10-31 15:23:41
998,United States,Wisconsin,West Allis,43.0068,-88.0296,2020-10-31 15:23:41,2020-10-31 15:23:41
999,United States,Wyoming,Casper,42.842,-106.3207,2020-10-31 15:23:41,2020-10-31 15:23:41
1000,United States,Wyoming,Cheyenne,41.1351,-104.79,2020-10-31 15:23:41,2020-10-31 15:23:41
